{
  "protocol_version" : "0.0.6",
  "configuration" : {
    "version" : "(6.12.0.182) (2020-02/6051b710727)",
    "tlc" : "normal",
    "sigsgev" : "altstack",
    "notifications" : "kqueue",
    "architecture" : "amd64",
    "disabled_features" : "none",
    "smallconfig" : "disabled",
    "bigarrays" : "disabled",
    "softdebug" : "enabled",
    "interpreter" : "enabled",
    "llvm_support" : "0",
    "suspend" : "hybrid"
  },
  "memory" : {
    "Resident Size" : "294486016",
    "Virtual Size" : "35985051648",
    "minor_gc_time" : "0",
    "major_gc_time" : "0",
    "minor_gc_count" : "0",
    "major_gc_count" : "0",
    "major_gc_time_concurrent" : "0"
 },
  "threads" : [
 {
    "is_managed" : true,
    "offset_free_hash" : "0x2bc38b064",
    "offset_rich_hash" : "0x2bc38b0b9",
    "crashed" : false,
    "native_thread_id" : "0x30ece3000",
    "thread_info_addr" : "0x7fb3a4a28600",
    "thread_name" : "Timer-Scheduler",
    "ctx" : {
      "IP" : "0x7ff8127a31fe",
      "SP" : "0x30ece20f8",
      "BP" : "0x30ece21a0"
  },
    "managed_frames" : [
  {
      "is_managed" : "false",
      "native_address" : "unregistered"
   }
,
  {
      "is_managed" : "true",
      "guid" : "B27839CC-2DBA-4804-BAAC-F2F5CCE6DE32",
      "token" : "0x00000",
      "native_offset" : "0x0",
      "filename" : "mscorlib.dll",
      "sizeofimage" : "0x472000",
      "timestamp" : "0xe057582a",
      "il_offset" : "0x00000"
   }
,
  {
      "is_managed" : "true",
      "guid" : "B27839CC-2DBA-4804-BAAC-F2F5CCE6DE32",
      "token" : "0x6001ed0",
      "native_offset" : "0x0",
      "filename" : "mscorlib.dll",
      "sizeofimage" : "0x472000",
      "timestamp" : "0xe057582a",
      "il_offset" : "0x0002b"
   }
,
  {
      "is_managed" : "true",
      "guid" : "B27839CC-2DBA-4804-BAAC-F2F5CCE6DE32",
      "token" : "0x00000",
      "native_offset" : "0x0",
      "filename" : "mscorlib.dll",
      "sizeofimage" : "0x472000",
      "timestamp" : "0xe057582a",
      "il_offset" : "0x0002a"
   }

  ],
  "unmanaged_frames" : [
 {
    "is_managed" : "false",
    "native_address" : "0x104fa9756",
    "native_offset" : "0x00000"
  }
,
 {
    "is_managed" : "false",
    "native_address" : "0x105144fd5",
    "native_offset" : "0x00000"
  }
,
 {
    "is_managed" : "false",
    "native_address" : "0x105144d07",
    "native_offset" : "0x00000"
  }
,
 {
    "is_managed" : "false",
    "native_address" : "0x105015840",
    "native_offset" : "0x00000"
  }
,
 {
    "is_managed" : "false",
    "native_address" : "0x7ff812809c1d",
    "native_offset" : "0x00000"
  }
,
 {
    "is_managed" : "false",
    "native_address" : "0x4",
    "native_offset" : "0x00000"
  }
,
 {
    "is_managed" : "false",
    "native_address" : "0x1051ebe04",
    "native_offset" : "0x00000"
  }
,
 {
    "is_managed" : "false",
    "native_address" : "0x1051524d9",
    "native_offset" : "0x00000"
  }
,
 {
    "is_managed" : "false",
    "native_address" : "0x1051523a1",
    "native_offset" : "0x00000"
  }
,
 {
    "is_managed" : "false",
    "native_address" : "0x105152619",
    "native_offset" : "0x00000"
  }
,
 {
    "is_managed" : "false",
    "native_address" : "0x10513f20d",
    "native_offset" : "0x00000"
  }
,
 {
    "is_managed" : "false",
    "native_address" : "0x1050d82d8",
    "native_offset" : "0x00000"
  }
,
 {
    "is_managed" : "true",
    "guid" : "B27839CC-2DBA-4804-BAAC-F2F5CCE6DE32",
    "token" : "0x00000",
    "native_offset" : "0x0",
    "filename" : "mscorlib.dll",
    "sizeofimage" : "0x472000",
    "timestamp" : "0xe057582a",
    "il_offset" : "0x00000"
  }
,
 {
    "is_managed" : "true",
    "guid" : "(null)",
    "token" : "0x00000",
    "native_offset" : "0x0",
    "filename" : "(null)",
    "sizeofimage" : "0x0",
    "timestamp" : "0x0",
    "il_offset" : "0x00000"
  }
,
 {
    "is_managed" : "true",
    "guid" : "(null)",
    "token" : "0x00000",
    "native_offset" : "0x0",
    "filename" : "(null)",
    "sizeofimage" : "0x0",
    "timestamp" : "0x0",
    "il_offset" : "0x00000"
  }
,
 {
    "is_managed" : "true",
    "guid" : "(null)",
    "token" : "0x00000",
    "native_offset" : "0x0",
    "filename" : "(null)",
    "sizeofimage" : "0x0",
    "timestamp" : "0x0",
    "il_offset" : "0x00000"
  }
,
 {
    "is_managed" : "true",
    "guid" : "(null)",
    "token" : "0x00000",
    "native_offset" : "0x0",
    "filename" : "(null)",
    "sizeofimage" : "0x0",
    "timestamp" : "0x0",
    "il_offset" : "0x00000"
  }
,
 {
    "is_managed" : "false",
    "native_address" : "0x104f0b332",
    "native_offset" : "0x00000"
  }
,
 {
    "is_managed" : "false",
    "native_address" : "0x10511add7",
    "native_offset" : "0x00000"
  }
,
 {
    "is_managed" : "false",
    "native_address" : "0x1051216d0",
    "native_offset" : "0x00000"
  }
,
 {
    "is_managed" : "false",
    "native_address" : "0x105145c5d",
    "native_offset" : "0x00000"
  }
,
 {
    "is_managed" : "false",
    "native_address" : "0x7ff8127df259",
    "native_offset" : "0x00000"
  }
,
 {
    "is_managed" : "false",
    "native_address" : "0x7ff8127dac7b",
    "native_offset" : "0x00000"
  }

 ]
},
{
  "is_managed" : true,
  "offset_free_hash" : "0xa194ecb62",
  "offset_rich_hash" : "0xa194ecc61",
  "crashed" : false,
  "native_thread_id" : "0x30fefe000",
  "thread_info_addr" : "0x7fb3a607f600",
  "thread_name" : "tid_4807",
  "ctx" : {
    "IP" : "0x7ff8127a3d66",
    "SP" : "0x30fefd688",
    "BP" : "0x30fefd6f0"
 },
  "managed_frames" : [
 {
    "is_managed" : "false",
    "native_address" : "unregistered"
  }
,
 {
    "is_managed" : "true",
    "guid" : "5964C1F3-3A6B-4E45-985E-4259425270A7",
    "token" : "0x00000",
    "native_offset" : "0x0",
    "filename" : "System.dll",
    "sizeofimage" : "0x290000",
    "timestamp" : "0x85731fb9",
    "il_offset" : "0x00000"
  }
,
 {
    "is_managed" : "true",
    "guid" : "5964C1F3-3A6B-4E45-985E-4259425270A7",
    "token" : "0x6002752",
    "native_offset" : "0x0",
    "filename" : "System.dll",
    "sizeofimage" : "0x290000",
    "timestamp" : "0x85731fb9",
    "il_offset" : "0x0000c"
  }
,
 {
    "is_managed" : "true",
    "guid" : "5964C1F3-3A6B-4E45-985E-4259425270A7",
    "token" : "0x6002745",
    "native_offset" : "0x0",
    "filename" : "System.dll",
    "sizeofimage" : "0x290000",
    "timestamp" : "0x85731fb9",
    "il_offset" : "0x0002e"
  }
,
 {
    "is_managed" : "true",
    "guid" : "5964C1F3-3A6B-4E45-985E-4259425270A7",
    "token" : "0x6002748",
    "native_offset" : "0x0",
    "filename" : "System.dll",
    "sizeofimage" : "0x290000",
    "timestamp" : "0x85731fb9",
    "il_offset" : "0x0000d"
  }
,
 {
    "is_managed" : "true",
    "guid" : "5964C1F3-3A6B-4E45-985E-4259425270A7",
    "token" : "0x600267d",
    "native_offset" : "0x0",
    "filename" : "System.dll",
    "sizeofimage" : "0x290000",
    "timestamp" : "0x85731fb9",
    "il_offset" : "0x0004d"
  }
,
 {
    "is_managed" : "true",
    "guid" : "5964C1F3-3A6B-4E45-985E-4259425270A7",
    "token" : "0x600267e",
    "native_offset" : "0x0",
    "filename" : "System.dll",
    "sizeofimage" : "0x290000",
    "timestamp" : "0x85731fb9",
    "il_offset" : "0x0000a"
  }
,
 {
    "is_managed" : "true",
    "guid" : "AB36E2E4-2911-4BA7-BB91-A983AA89906A",
    "token" : "0x6000089",
    "native_offset" : "0x0",
    "filename" : "MonoDevelop.MSBuildBuilder.exe",
    "sizeofimage" : "0x1c000",
    "timestamp" : "0xce37ae1a",
    "il_offset" : "0x0000c"
  }
,
 {
    "is_managed" : "true",
    "guid" : "B27839CC-2DBA-4804-BAAC-F2F5CCE6DE32",
    "token" : "0x6001ed0",
    "native_offset" : "0x0",
    "filename" : "mscorlib.dll",
    "sizeofimage" : "0x472000",
    "timestamp" : "0xe057582a",
    "il_offset" : "0x0002b"
  }
,
 {
    "is_managed" : "true",
    "guid" : "B27839CC-2DBA-4804-BAAC-F2F5CCE6DE32",
    "token" : "0x00000",
    "native_offset" : "0x0",
    "filename" : "mscorlib.dll",
    "sizeofimage" : "0x472000",
    "timestamp" : "0xe057582a",
    "il_offset" : "0x0002a"
  }

 ],
"unmanaged_frames" : [
{
  "is_managed" : "false",
  "native_address" : "0x104fa9756",
  "native_offset" : "0x00000"
 }
,
{
  "is_managed" : "false",
  "native_address" : "0x105144fd5",
  "native_offset" : "0x00000"
 }
,
{
  "is_managed" : "false",
  "native_address" : "0x105144d07",
  "native_offset" : "0x00000"
 }
,
{
  "is_managed" : "false",
  "native_address" : "0x105015840",
  "native_offset" : "0x00000"
 }
,
{
  "is_managed" : "false",
  "native_address" : "0x7ff812809c1d",
  "native_offset" : "0x00000"
 }
,
{
  "is_managed" : "false",
  "native_address" : "0x18",
  "native_offset" : "0x00000"
 }
,
{
  "is_managed" : "false",
  "native_address" : "0x105071a33",
  "native_offset" : "0x00000"
 }
,
{
  "is_managed" : "false",
  "native_address" : "0x10512b235",
  "native_offset" : "0x00000"
 }
,
{
  "is_managed" : "true",
  "guid" : "5964C1F3-3A6B-4E45-985E-4259425270A7",
  "token" : "0x00000",
  "native_offset" : "0x0",
  "filename" : "System.dll",
  "sizeofimage" : "0x290000",
  "timestamp" : "0x85731fb9",
  "il_offset" : "0x00000"
 }
,
{
  "is_managed" : "true",
  "guid" : "5964C1F3-3A6B-4E45-985E-4259425270A7",
  "token" : "0x6002752",
  "native_offset" : "0x0",
  "filename" : "System.dll",
  "sizeofimage" : "0x290000",
  "timestamp" : "0x85731fb9",
  "il_offset" : "0x00000"
 }
,
{
  "is_managed" : "true",
  "guid" : "5964C1F3-3A6B-4E45-985E-4259425270A7",
  "token" : "0x6002745",
  "native_offset" : "0x0",
  "filename" : "System.dll",
  "sizeofimage" : "0x290000",
  "timestamp" : "0x85731fb9",
  "il_offset" : "0x00000"
 }
,
{
  "is_managed" : "true",
  "guid" : "5964C1F3-3A6B-4E45-985E-4259425270A7",
  "token" : "0x6002748",
  "native_offset" : "0x0",
  "filename" : "System.dll",
  "sizeofimage" : "0x290000",
  "timestamp" : "0x85731fb9",
  "il_offset" : "0x00000"
 }
,
{
  "is_managed" : "true",
  "guid" : "5964C1F3-3A6B-4E45-985E-4259425270A7",
  "token" : "0x600267d",
  "native_offset" : "0x0",
  "filename" : "System.dll",
  "sizeofimage" : "0x290000",
  "timestamp" : "0x85731fb9",
  "il_offset" : "0x00000"
 }
,
{
  "is_managed" : "true",
  "guid" : "5964C1F3-3A6B-4E45-985E-4259425270A7",
  "token" : "0x600267e",
  "native_offset" : "0x0",
  "filename" : "System.dll",
  "sizeofimage" : "0x290000",
  "timestamp" : "0x85731fb9",
  "il_offset" : "0x00000"
 }
,
{
  "is_managed" : "true",
  "guid" : "AB36E2E4-2911-4BA7-BB91-A983AA89906A",
  "token" : "0x6000089",
  "native_offset" : "0x0",
  "filename" : "MonoDevelop.MSBuildBuilder.exe",
  "sizeofimage" : "0x1c000",
  "timestamp" : "0xce37ae1a",
  "il_offset" : "0x00000"
 }
,
{
  "is_managed" : "true",
  "guid" : "(null)",
  "token" : "0x00000",
  "native_offset" : "0x0",
  "filename" : "(null)",
  "sizeofimage" : "0x0",
  "timestamp" : "0x0",
  "il_offset" : "0x00000"
 }
,
{
  "is_managed" : "true",
  "guid" : "(null)",
  "token" : "0x00000",
  "native_offset" : "0x0",
  "filename" : "(null)",
  "sizeofimage" : "0x0",
  "timestamp" : "0x0",
  "il_offset" : "0x00000"
 }
,
{
  "is_managed" : "false",
  "native_address" : "0x104f0b332",
  "native_offset" : "0x00000"
 }
,
{
  "is_managed" : "false",
  "native_address" : "0x10511add7",
  "native_offset" : "0x00000"
 }
,
{
  "is_managed" : "false",
  "native_address" : "0x1051216d0",
  "native_offset" : "0x00000"
 }
,
{
  "is_managed" : "false",
  "native_address" : "0x105145c5d",
  "native_offset" : "0x00000"
 }
,
{
  "is_managed" : "false",
  "native_address" : "0x7ff8127df259",
  "native_offset" : "0x00000"
 }
,
{
  "is_managed" : "false",
  "native_address" : "0x7ff8127dac7b",
  "native_offset" : "0x00000"
 }

]
},
{
"is_managed" : true,
"offset_free_hash" : "0x7cb437a43",
"offset_rich_hash" : "0x7cb437c53",
"crashed" : false,
"native_thread_id" : "0x31135f000",
"thread_info_addr" : "0x7fb384a87200",
"thread_name" : "RequestBuilder thread",
"ctx" : {
  "IP" : "0x7ff8127a31fe",
  "SP" : "0x31135e408",
  "BP" : "0x31135e4b0"
},
"managed_frames" : [
{
  "is_managed" : "false",
  "native_address" : "unregistered"
 }
,
{
  "is_managed" : "true",
  "guid" : "B27839CC-2DBA-4804-BAAC-F2F5CCE6DE32",
  "token" : "0x00000",
  "native_offset" : "0x0",
  "filename" : "mscorlib.dll",
  "sizeofimage" : "0x472000",
  "timestamp" : "0xe057582a",
  "il_offset" : "0x00000"
 }
,
{
  "is_managed" : "true",
  "guid" : "B27839CC-2DBA-4804-BAAC-F2F5CCE6DE32",
  "token" : "0x6001f00",
  "native_offset" : "0x0",
  "filename" : "mscorlib.dll",
  "sizeofimage" : "0x472000",
  "timestamp" : "0xe057582a",
  "il_offset" : "0x00000"
 }
,
{
  "is_managed" : "true",
  "guid" : "B27839CC-2DBA-4804-BAAC-F2F5CCE6DE32",
  "token" : "0x6001e4f",
  "native_offset" : "0x0",
  "filename" : "mscorlib.dll",
  "sizeofimage" : "0x472000",
  "timestamp" : "0xe057582a",
  "il_offset" : "0x000d9"
 }
,
{
  "is_managed" : "true",
  "guid" : "5964C1F3-3A6B-4E45-985E-4259425270A7",
  "token" : "0x6003c49",
  "native_offset" : "0x0",
  "filename" : "System.dll",
  "sizeofimage" : "0x290000",
  "timestamp" : "0x85731fb9",
  "il_offset" : "0x00067"
 }
,
{
  "is_managed" : "true",
  "guid" : "5964C1F3-3A6B-4E45-985E-4259425270A7",
  "token" : "0x6004342",
  "native_offset" : "0x0",
  "filename" : "System.dll",
  "sizeofimage" : "0x290000",
  "timestamp" : "0x85731fb9",
  "il_offset" : "0x0004d"
 }
,
{
  "is_managed" : "true",
  "guid" : "6F1AC64B-3624-4345-9AE7-E79676B4C67F",
  "token" : "0x600248c",
  "native_offset" : "0x0",
  "filename" : "Microsoft.Build.dll",
  "sizeofimage" : "0x202000",
  "timestamp" : "0xac7b724b",
  "il_offset" : "0x0002e"
 }
,
{
  "is_managed" : "true",
  "guid" : "B27839CC-2DBA-4804-BAAC-F2F5CCE6DE32",
  "token" : "0x6001ed0",
  "native_offset" : "0x0",
  "filename" : "mscorlib.dll",
  "sizeofimage" : "0x472000",
  "timestamp" : "0xe057582a",
  "il_offset" : "0x0002b"
 }
,
{
  "is_managed" : "true",
  "guid" : "B27839CC-2DBA-4804-BAAC-F2F5CCE6DE32",
  "token" : "0x00000",
  "native_offset" : "0x0",
  "filename" : "mscorlib.dll",
  "sizeofimage" : "0x472000",
  "timestamp" : "0xe057582a",
  "il_offset" : "0x0002a"
 }

],
"unmanaged_frames" : [
{
"is_managed" : "false",
"native_address" : "0x104fa9756",
"native_offset" : "0x00000"
}
,
{
"is_managed" : "false",
"native_address" : "0x105144fd5",
"native_offset" : "0x00000"
}
,
{
"is_managed" : "false",
"native_address" : "0x105144d07",
"native_offset" : "0x00000"
}
,
{
"is_managed" : "false",
"native_address" : "0x105015840",
"native_offset" : "0x00000"
}
,
{
"is_managed" : "false",
"native_address" : "0x7ff812809c1d",
"native_offset" : "0x00000"
}
,
{
"is_managed" : "false",
"native_address" : "0xa49f9be0",
"native_offset" : "0x00000"
}
,
{
"is_managed" : "false",
"native_address" : "0x1051ebe20",
"native_offset" : "0x00000"
}
,
{
"is_managed" : "false",
"native_address" : "0x1051524d9",
"native_offset" : "0x00000"
}
,
{
"is_managed" : "false",
"native_address" : "0x1051523a1",
"native_offset" : "0x00000"
}
,
{
"is_managed" : "false",
"native_address" : "0x105188b2c",
"native_offset" : "0x00000"
}
,
{
"is_managed" : "false",
"native_address" : "0x1050d69c1",
"native_offset" : "0x00000"
}
,
{
"is_managed" : "true",
"guid" : "B27839CC-2DBA-4804-BAAC-F2F5CCE6DE32",
"token" : "0x00000",
"native_offset" : "0x0",
"filename" : "mscorlib.dll",
"sizeofimage" : "0x472000",
"timestamp" : "0xe057582a",
"il_offset" : "0x00000"
}
,
{
"is_managed" : "true",
"guid" : "(null)",
"token" : "0x00000",
"native_offset" : "0x0",
"filename" : "(null)",
"sizeofimage" : "0x0",
"timestamp" : "0x0",
"il_offset" : "0x00000"
}
,
{
"is_managed" : "true",
"guid" : "(null)",
"token" : "0x00000",
"native_offset" : "0x0",
"filename" : "(null)",
"sizeofimage" : "0x0",
"timestamp" : "0x0",
"il_offset" : "0x00000"
}
,
{
"is_managed" : "true",
"guid" : "5964C1F3-3A6B-4E45-985E-4259425270A7",
"token" : "0x6003c49",
"native_offset" : "0x0",
"filename" : "System.dll",
"sizeofimage" : "0x290000",
"timestamp" : "0x85731fb9",
"il_offset" : "0x00000"
}
,
{
"is_managed" : "true",
"guid" : "5964C1F3-3A6B-4E45-985E-4259425270A7",
"token" : "0x6004342",
"native_offset" : "0x0",
"filename" : "System.dll",
"sizeofimage" : "0x290000",
"timestamp" : "0x85731fb9",
"il_offset" : "0x00000"
}
,
{
"is_managed" : "true",
"guid" : "6F1AC64B-3624-4345-9AE7-E79676B4C67F",
"token" : "0x600248c",
"native_offset" : "0x0",
"filename" : "Microsoft.Build.dll",
"sizeofimage" : "0x202000",
"timestamp" : "0xac7b724b",
"il_offset" : "0x00000"
}
,
{
"is_managed" : "true",
"guid" : "(null)",
"token" : "0x00000",
"native_offset" : "0x0",
"filename" : "(null)",
"sizeofimage" : "0x0",
"timestamp" : "0x0",
"il_offset" : "0x00000"
}
,
{
"is_managed" : "true",
"guid" : "(null)",
"token" : "0x00000",
"native_offset" : "0x0",
"filename" : "(null)",
"sizeofimage" : "0x0",
"timestamp" : "0x0",
"il_offset" : "0x00000"
}
,
{
"is_managed" : "false",
"native_address" : "0x104f0b332",
"native_offset" : "0x00000"
}
,
{
"is_managed" : "false",
"native_address" : "0x10511add7",
"native_offset" : "0x00000"
}
,
{
"is_managed" : "false",
"native_address" : "0x1051216d0",
"native_offset" : "0x00000"
}
,
{
"is_managed" : "false",
"native_address" : "0x105145c5d",
"native_offset" : "0x00000"
}
,
{
"is_managed" : "false",
"native_address" : "0x7ff8127df259",
"native_offset" : "0x00000"
}
,
{
"is_managed" : "false",
"native_address" : "0x7ff8127dac7b",
"native_offset" : "0x00000"
}

]
},
{
"is_managed" : false,
"offset_free_hash" : "0x0",
"offset_rich_hash" : "0x0",
"crashed" : false,
"native_thread_id" : "0x30fcfb000",
"thread_info_addr" : "0x7fb3a48a8600",
"thread_name" : "Thread Pool Worker",
"ctx" : {
"IP" : "0x7ff8127a0636",
"SP" : "0x30fcfae98",
"BP" : "0x30fcfaf00"
},
"unmanaged_frames" : [
{
"is_managed" : "false",
"native_address" : "0x104fa9756",
"native_offset" : "0x00000"
}
,
{
"is_managed" : "false",
"native_address" : "0x105144fd5",
"native_offset" : "0x00000"
}
,
{
"is_managed" : "false",
"native_address" : "0x105144d07",
"native_offset" : "0x00000"
}
,
{
"is_managed" : "false",
"native_address" : "0x105015840",
"native_offset" : "0x00000"
}
,
{
"is_managed" : "false",
"native_address" : "0x7ff812809c1d",
"native_offset" : "0x00000"
}
,
{
"is_managed" : "false",
"native_address" : "0x100000000",
"native_offset" : "0x00000"
}
,
{
"is_managed" : "false",
"native_address" : "0x105145c1d",
"native_offset" : "0x00000"
}
,
{
"is_managed" : "false",
"native_address" : "0x7ff8127df259",
"native_offset" : "0x00000"
}
,
{
"is_managed" : "false",
"native_address" : "0x7ff8127dac7b",
"native_offset" : "0x00000"
}

]
},
{
"is_managed" : true,
"offset_free_hash" : "0x38951560d",
"offset_rich_hash" : "0x389515686",
"crashed" : false,
"native_thread_id" : "0x31115c000",
"thread_info_addr" : "0x7fb3a55e0200",
"thread_name" : "tid_9703",
"ctx" : {
"IP" : "0x7ff8127a31fe",
"SP" : "0x31115af48",
"BP" : "0x31115aff0"
},
"managed_frames" : [
{
"is_managed" : "false",
"native_address" : "unregistered"
}
,
{
"is_managed" : "true",
"guid" : "B27839CC-2DBA-4804-BAAC-F2F5CCE6DE32",
"token" : "0x00000",
"native_offset" : "0x0",
"filename" : "mscorlib.dll",
"sizeofimage" : "0x472000",
"timestamp" : "0xe057582a",
"il_offset" : "0x00000"
}
,
{
"is_managed" : "true",
"guid" : "FE07070D-575E-40FD-9EF6-807FA5848A8E",
"token" : "0x6000f88",
"native_offset" : "0x0",
"filename" : "Microsoft.VisualStudio.Telemetry.dll",
"sizeofimage" : "0xde000",
"timestamp" : "0xfe3b09c5",
"il_offset" : "0x00024"
}
,
{
"is_managed" : "true",
"guid" : "B27839CC-2DBA-4804-BAAC-F2F5CCE6DE32",
"token" : "0x6001ed0",
"native_offset" : "0x0",
"filename" : "mscorlib.dll",
"sizeofimage" : "0x472000",
"timestamp" : "0xe057582a",
"il_offset" : "0x0002b"
}
,
{
"is_managed" : "true",
"guid" : "B27839CC-2DBA-4804-BAAC-F2F5CCE6DE32",
"token" : "0x00000",
"native_offset" : "0x0",
"filename" : "mscorlib.dll",
"sizeofimage" : "0x472000",
"timestamp" : "0xe057582a",
"il_offset" : "0x0002a"
}

],
"unmanaged_frames" : [
{
"is_managed" : "false",
"native_address" : "0x104fa9756",
"native_offset" : "0x00000"
}
,
{
"is_managed" : "false",
"native_address" : "0x105144fd5",
"native_offset" : "0x00000"
}
,
{
"is_managed" : "false",
"native_address" : "0x105144d07",
"native_offset" : "0x00000"
}
,
{
"is_managed" : "false",
"native_address" : "0x105015840",
"native_offset" : "0x00000"
}
,
{
"is_managed" : "false",
"native_address" : "0x7ff812809c1d",
"native_offset" : "0x00000"
}
,
{
"is_managed" : "false",
"native_address" : "unregistered"
}
,
{
"is_managed" : "false",
"native_address" : "0x1051ebe04",
"native_offset" : "0x00000"
}
,
{
"is_managed" : "false",
"native_address" : "0x1051524d9",
"native_offset" : "0x00000"
}
,
{
"is_managed" : "false",
"native_address" : "0x1051523a1",
"native_offset" : "0x00000"
}
,
{
"is_managed" : "false",
"native_address" : "0x105152619",
"native_offset" : "0x00000"
}
,
{
"is_managed" : "false",
"native_address" : "0x10513f20d",
"native_offset" : "0x00000"
}
,
{
"is_managed" : "false",
"native_address" : "0x1050d82d8",
"native_offset" : "0x00000"
}
,
{
"is_managed" : "true",
"guid" : "B27839CC-2DBA-4804-BAAC-F2F5CCE6DE32",
"token" : "0x00000",
"native_offset" : "0x0",
"filename" : "mscorlib.dll",
"sizeofimage" : "0x472000",
"timestamp" : "0xe057582a",
"il_offset" : "0x00000"
}
,
{
"is_managed" : "true",
"guid" : "(null)",
"token" : "0x00000",
"native_offset" : "0x0",
"filename" : "(null)",
"sizeofimage" : "0x0",
"timestamp" : "0x0",
"il_offset" : "0x00000"
}
,
{
"is_managed" : "true",
"guid" : "(null)",
"token" : "0x00000",
"native_offset" : "0x0",
"filename" : "(null)",
"sizeofimage" : "0x0",
"timestamp" : "0x0",
"il_offset" : "0x00000"
}
,
{
"is_managed" : "true",
"guid" : "(null)",
"token" : "0x00000",
"native_offset" : "0x0",
"filename" : "(null)",
"sizeofimage" : "0x0",
"timestamp" : "0x0",
"il_offset" : "0x00000"
}
,
{
"is_managed" : "true",
"guid" : "(null)",
"token" : "0x00000",
"native_offset" : "0x0",
"filename" : "(null)",
"sizeofimage" : "0x0",
"timestamp" : "0x0",
"il_offset" : "0x00000"
}
,
{
"is_managed" : "true",
"guid" : "(null)",
"token" : "0x00000",
"native_offset" : "0x0",
"filename" : "(null)",
"sizeofimage" : "0x0",
"timestamp" : "0x0",
"il_offset" : "0x00000"
}
,
{
"is_managed" : "true",
"guid" : "(null)",
"token" : "0x00000",
"native_offset" : "0x0",
"filename" : "(null)",
"sizeofimage" : "0x0",
"timestamp" : "0x0",
"il_offset" : "0x00000"
}
,
{
"is_managed" : "true",
"guid" : "(null)",
"token" : "0x00000",
"native_offset" : "0x0",
"filename" : "(null)",
"sizeofimage" : "0x0",
"timestamp" : "0x0",
"il_offset" : "0x00000"
}
,
{
"is_managed" : "false",
"native_address" : "0x104f0b332",
"native_offset" : "0x00000"
}
,
{
"is_managed" : "false",
"native_address" : "0x10511add7",
"native_offset" : "0x00000"
}
,
{
"is_managed" : "false",
"native_address" : "0x1051216d0",
"native_offset" : "0x00000"
}
,
{
"is_managed" : "false",
"native_address" : "0x105145c5d",
"native_offset" : "0x00000"
}
,
{
"is_managed" : "false",
"native_address" : "0x7ff8127df259",
"native_offset" : "0x00000"
}
,
{
"is_managed" : "false",
"native_address" : "0x7ff8127dac7b",
"native_offset" : "0x00000"
}

]
},
{
"is_managed" : false,
"offset_free_hash" : "0xb38e6a8f",
"offset_rich_hash" : "0xb38e6a8f",
"crashed" : false,
"native_thread_id" : "0x30faf8000",
"thread_info_addr" : "0x7fb3a4a76c00",
"thread_name" : "Thread Pool Worker",
"ctx" : {
"IP" : "0x7ff8127a0636",
"SP" : "0x30faf7e98",
"BP" : "0x30faf7f00"
},
"unmanaged_frames" : [
{
"is_managed" : "false",
"native_address" : "0x104fa9756",
"native_offset" : "0x00000"
}
,
{
"is_managed" : "false",
"native_address" : "0x105144fd5",
"native_offset" : "0x00000"
}
,
{
"is_managed" : "false",
"native_address" : "0x105144d07",
"native_offset" : "0x00000"
}
,
{
"is_managed" : "false",
"native_address" : "0x105015840",
"native_offset" : "0x00000"
}
,
{
"is_managed" : "false",
"native_address" : "0x7ff812809c1d",
"native_offset" : "0x00000"
}
,
{
"is_managed" : "true",
"guid" : "B27839CC-2DBA-4804-BAAC-F2F5CCE6DE32",
"token" : "0x600462a",
"native_offset" : "0x0",
"filename" : "mscorlib.dll",
"sizeofimage" : "0x472000",
"timestamp" : "0xe057582a",
"il_offset" : "0x00000"
}
,
{
"is_managed" : "false",
"native_address" : "0x105145c1d",
"native_offset" : "0x00000"
}
,
{
"is_managed" : "false",
"native_address" : "0x7ff8127df259",
"native_offset" : "0x00000"
}
,
{
"is_managed" : "false",
"native_address" : "0x7ff8127dac7b",
"native_offset" : "0x00000"
}

]
},
{
"is_managed" : true,
"offset_free_hash" : "0x857e54171",
"offset_rich_hash" : "0x857e54268",
"crashed" : false,
"native_thread_id" : "0x310f59000",
"thread_info_addr" : "0x7fb3a5533e00",
"thread_name" : "tid_9a03",
"ctx" : {
"IP" : "0x7ff8127a31fe",
"SP" : "0x310f57d88",
"BP" : "0x310f57e30"
},
"managed_frames" : [
{
"is_managed" : "false",
"native_address" : "unregistered"
}
,
{
"is_managed" : "true",
"guid" : "B27839CC-2DBA-4804-BAAC-F2F5CCE6DE32",
"token" : "0x00000",
"native_offset" : "0x0",
"filename" : "mscorlib.dll",
"sizeofimage" : "0x472000",
"timestamp" : "0xe057582a",
"il_offset" : "0x00000"
}
,
{
"is_managed" : "true",
"guid" : "FE07070D-575E-40FD-9EF6-807FA5848A8E",
"token" : "0x6000f7a",
"native_offset" : "0x0",
"filename" : "Microsoft.VisualStudio.Telemetry.dll",
"sizeofimage" : "0xde000",
"timestamp" : "0xfe3b09c5",
"il_offset" : "0x0006e"
}
,
{
"is_managed" : "true",
"guid" : "FE07070D-575E-40FD-9EF6-807FA5848A8E",
"token" : "0x6000f98",
"native_offset" : "0x0",
"filename" : "Microsoft.VisualStudio.Telemetry.dll",
"sizeofimage" : "0xde000",
"timestamp" : "0xfe3b09c5",
"il_offset" : "0x00000"
}
,
{
"is_managed" : "true",
"guid" : "FE07070D-575E-40FD-9EF6-807FA5848A8E",
"token" : "0x6000fc1",
"native_offset" : "0x0",
"filename" : "Microsoft.VisualStudio.Telemetry.dll",
"sizeofimage" : "0xde000",
"timestamp" : "0xfe3b09c5",
"il_offset" : "0x00034"
}
,
{
"is_managed" : "true",
"guid" : "FE07070D-575E-40FD-9EF6-807FA5848A8E",
"token" : "0x60013fd",
"native_offset" : "0x0",
"filename" : "Microsoft.VisualStudio.Telemetry.dll",
"sizeofimage" : "0xde000",
"timestamp" : "0xfe3b09c5",
"il_offset" : "0x00000"
}
,
{
"is_managed" : "true",
"guid" : "B27839CC-2DBA-4804-BAAC-F2F5CCE6DE32",
"token" : "0x6001ed0",
"native_offset" : "0x0",
"filename" : "mscorlib.dll",
"sizeofimage" : "0x472000",
"timestamp" : "0xe057582a",
"il_offset" : "0x0002b"
}
,
{
"is_managed" : "true",
"guid" : "B27839CC-2DBA-4804-BAAC-F2F5CCE6DE32",
"token" : "0x00000",
"native_offset" : "0x0",
"filename" : "mscorlib.dll",
"sizeofimage" : "0x472000",
"timestamp" : "0xe057582a",
"il_offset" : "0x0002a"
}

],
"unmanaged_frames" : [
{
"is_managed" : "false",
"native_address" : "0x104fa9756",
"native_offset" : "0x00000"
}
,
{
"is_managed" : "false",
"native_address" : "0x105144fd5",
"native_offset" : "0x00000"
}
,
{
"is_managed" : "false",
"native_address" : "0x105144d07",
"native_offset" : "0x00000"
}
,
{
"is_managed" : "false",
"native_address" : "0x105015840",
"native_offset" : "0x00000"
}
,
{
"is_managed" : "false",
"native_address" : "0x7ff812809c1d",
"native_offset" : "0x00000"
}
,
{
"is_managed" : "false",
"native_address" : "unregistered"
}
,
{
"is_managed" : "false",
"native_address" : "0x1051ebe20",
"native_offset" : "0x00000"
}
,
{
"is_managed" : "false",
"native_address" : "0x1051524d9",
"native_offset" : "0x00000"
}
,
{
"is_managed" : "false",
"native_address" : "0x1051523a1",
"native_offset" : "0x00000"
}
,
{
"is_managed" : "false",
"native_address" : "0x105152619",
"native_offset" : "0x00000"
}
,
{
"is_managed" : "false",
"native_address" : "0x10513f20d",
"native_offset" : "0x00000"
}
,
{
"is_managed" : "false",
"native_address" : "0x1050d82d8",
"native_offset" : "0x00000"
}
,
{
"is_managed" : "true",
"guid" : "B27839CC-2DBA-4804-BAAC-F2F5CCE6DE32",
"token" : "0x00000",
"native_offset" : "0x0",
"filename" : "mscorlib.dll",
"sizeofimage" : "0x472000",
"timestamp" : "0xe057582a",
"il_offset" : "0x00000"
}
,
{
"is_managed" : "true",
"guid" : "(null)",
"token" : "0x00000",
"native_offset" : "0x0",
"filename" : "(null)",
"sizeofimage" : "0x0",
"timestamp" : "0x0",
"il_offset" : "0x00000"
}
,
{
"is_managed" : "true",
"guid" : "(null)",
"token" : "0x00000",
"native_offset" : "0x0",
"filename" : "(null)",
"sizeofimage" : "0x0",
"timestamp" : "0x0",
"il_offset" : "0x00000"
}
,
{
"is_managed" : "true",
"guid" : "FE07070D-575E-40FD-9EF6-807FA5848A8E",
"token" : "0x6000f98",
"native_offset" : "0x0",
"filename" : "Microsoft.VisualStudio.Telemetry.dll",
"sizeofimage" : "0xde000",
"timestamp" : "0xfe3b09c5",
"il_offset" : "0x00000"
}
,
{
"is_managed" : "true",
"guid" : "FE07070D-575E-40FD-9EF6-807FA5848A8E",
"token" : "0x6000fc1",
"native_offset" : "0x0",
"filename" : "Microsoft.VisualStudio.Telemetry.dll",
"sizeofimage" : "0xde000",
"timestamp" : "0xfe3b09c5",
"il_offset" : "0x00000"
}
,
{
"is_managed" : "true",
"guid" : "FE07070D-575E-40FD-9EF6-807FA5848A8E",
"token" : "0x60013fd",
"native_offset" : "0x0",
"filename" : "Microsoft.VisualStudio.Telemetry.dll",
"sizeofimage" : "0xde000",
"timestamp" : "0xfe3b09c5",
"il_offset" : "0x00000"
}
,
{
"is_managed" : "true",
"guid" : "(null)",
"token" : "0x00000",
"native_offset" : "0x0",
"filename" : "(null)",
"sizeofimage" : "0x0",
"timestamp" : "0x0",
"il_offset" : "0x00000"
}
,
{
"is_managed" : "true",
"guid" : "(null)",
"token" : "0x00000",
"native_offset" : "0x0",
"filename" : "(null)",
"sizeofimage" : "0x0",
"timestamp" : "0x0",
"il_offset" : "0x00000"
}
,
{
"is_managed" : "true",
"guid" : "(null)",
"token" : "0x00000",
"native_offset" : "0x0",
"filename" : "(null)",
"sizeofimage" : "0x0",
"timestamp" : "0x0",
"il_offset" : "0x00000"
}
,
{
"is_managed" : "true",
"guid" : "(null)",
"token" : "0x00000",
"native_offset" : "0x0",
"filename" : "(null)",
"sizeofimage" : "0x0",
"timestamp" : "0x0",
"il_offset" : "0x00000"
}
,
{
"is_managed" : "true",
"guid" : "(null)",
"token" : "0x00000",
"native_offset" : "0x0",
"filename" : "(null)",
"sizeofimage" : "0x0",
"timestamp" : "0x0",
"il_offset" : "0x00000"
}
,
{
"is_managed" : "false",
"native_address" : "0x104f0b332",
"native_offset" : "0x00000"
}
,
{
"is_managed" : "false",
"native_address" : "0x10511add7",
"native_offset" : "0x00000"
}
,
{
"is_managed" : "false",
"native_address" : "0x1051216d0",
"native_offset" : "0x00000"
}
,
{
"is_managed" : "false",
"native_address" : "0x105145c5d",
"native_offset" : "0x00000"
}
,
{
"is_managed" : "false",
"native_address" : "0x7ff8127df259",
"native_offset" : "0x00000"
}
,
{
"is_managed" : "false",
"native_address" : "0x7ff8127dac7b",
"native_offset" : "0x00000"
}

]
},
{
"is_managed" : true,
"offset_free_hash" : "0x208aa6d2f",
"offset_rich_hash" : "0x208aa6d59",
"crashed" : false,
"native_thread_id" : "0x30f8f5000",
"thread_info_addr" : "0x7fb38481b800",
"thread_name" : "Thread Pool Worker",
"ctx" : {
"IP" : "0x7ff8127a31fe",
"SP" : "0x30f8f3f38",
"BP" : "0x30f8f3fe0"
},
"managed_frames" : [
{
"is_managed" : "false",
"native_address" : "unregistered"
}
,
{
"is_managed" : "true",
"guid" : "B27839CC-2DBA-4804-BAAC-F2F5CCE6DE32",
"token" : "0x00000",
"native_offset" : "0x0",
"filename" : "mscorlib.dll",
"sizeofimage" : "0x472000",
"timestamp" : "0xe057582a",
"il_offset" : "0x00000"
}
,
{
"is_managed" : "true",
"guid" : "B27839CC-2DBA-4804-BAAC-F2F5CCE6DE32",
"token" : "0x00000",
"native_offset" : "0x0",
"filename" : "mscorlib.dll",
"sizeofimage" : "0x472000",
"timestamp" : "0xe057582a",
"il_offset" : "0x0002a"
}

],
"unmanaged_frames" : [
{
"is_managed" : "false",
"native_address" : "0x104fa9756",
"native_offset" : "0x00000"
}
,
{
"is_managed" : "false",
"native_address" : "0x105144fd5",
"native_offset" : "0x00000"
}
,
{
"is_managed" : "false",
"native_address" : "0x105144d07",
"native_offset" : "0x00000"
}
,
{
"is_managed" : "false",
"native_address" : "0x105015840",
"native_offset" : "0x00000"
}
,
{
"is_managed" : "false",
"native_address" : "0x7ff812809c1d",
"native_offset" : "0x00000"
}
,
{
"is_managed" : "false",
"native_address" : "unregistered"
}
,
{
"is_managed" : "false",
"native_address" : "0x1051ebe20",
"native_offset" : "0x00000"
}
,
{
"is_managed" : "false",
"native_address" : "0x105153138",
"native_offset" : "0x00000"
}
,
{
"is_managed" : "false",
"native_address" : "0x105152cf2",
"native_offset" : "0x00000"
}
,
{
"is_managed" : "false",
"native_address" : "0x10513f20d",
"native_offset" : "0x00000"
}
,
{
"is_managed" : "false",
"native_address" : "0x1050d82d8",
"native_offset" : "0x00000"
}
,
{
"is_managed" : "true",
"guid" : "B27839CC-2DBA-4804-BAAC-F2F5CCE6DE32",
"token" : "0x00000",
"native_offset" : "0x0",
"filename" : "mscorlib.dll",
"sizeofimage" : "0x472000",
"timestamp" : "0xe057582a",
"il_offset" : "0x00000"
}
,
{
"is_managed" : "true",
"guid" : "(null)",
"token" : "0x00000",
"native_offset" : "0x0",
"filename" : "(null)",
"sizeofimage" : "0x0",
"timestamp" : "0x0",
"il_offset" : "0x00000"
}
,
{
"is_managed" : "true",
"guid" : "(null)",
"token" : "0x00000",
"native_offset" : "0x0",
"filename" : "(null)",
"sizeofimage" : "0x0",
"timestamp" : "0x0",
"il_offset" : "0x00000"
}

]
},
{
"is_managed" : true,
"offset_free_hash" : "0xa695d1240",
"offset_rich_hash" : "0xa695d148d",
"crashed" : false,
"native_thread_id" : "0x310b10000",
"thread_info_addr" : "0x7fb3a531dc00",
"thread_name" : "tid_8303",
"ctx" : {
"IP" : "0x7ff8127a31fe",
"SP" : "0x310b0eb18",
"BP" : "0x310b0ebc0"
},
"managed_frames" : [
{
"is_managed" : "false",
"native_address" : "unregistered"
}
,
{
"is_managed" : "true",
"guid" : "B27839CC-2DBA-4804-BAAC-F2F5CCE6DE32",
"token" : "0x00000",
"native_offset" : "0x0",
"filename" : "mscorlib.dll",
"sizeofimage" : "0x472000",
"timestamp" : "0xe057582a",
"il_offset" : "0x00000"
}
,
{
"is_managed" : "true",
"guid" : "6F1AC64B-3624-4345-9AE7-E79676B4C67F",
"token" : "0x6000d8e",
"native_offset" : "0x0",
"filename" : "Microsoft.Build.dll",
"sizeofimage" : "0x202000",
"timestamp" : "0xac7b724b",
"il_offset" : "0x00053"
}
,
{
"is_managed" : "true",
"guid" : "6F1AC64B-3624-4345-9AE7-E79676B4C67F",
"token" : "0x6000c96",
"native_offset" : "0x0",
"filename" : "Microsoft.Build.dll",
"sizeofimage" : "0x202000",
"timestamp" : "0xac7b724b",
"il_offset" : "0x00008"
}
,
{
"is_managed" : "true",
"guid" : "6F1AC64B-3624-4345-9AE7-E79676B4C67F",
"token" : "0x6000c99",
"native_offset" : "0x0",
"filename" : "Microsoft.Build.dll",
"sizeofimage" : "0x202000",
"timestamp" : "0xac7b724b",
"il_offset" : "0x00007"
}
,
{
"is_managed" : "true",
"guid" : "AB36E2E4-2911-4BA7-BB91-A983AA89906A",
"token" : "0x6000138",
"native_offset" : "0x0",
"filename" : "MonoDevelop.MSBuildBuilder.exe",
"sizeofimage" : "0x1c000",
"timestamp" : "0xce37ae1a",
"il_offset" : "0x00041"
}
,
{
"is_managed" : "true",
"guid" : "AB36E2E4-2911-4BA7-BB91-A983AA89906A",
"token" : "0x6000215",
"native_offset" : "0x0",
"filename" : "MonoDevelop.MSBuildBuilder.exe",
"sizeofimage" : "0x1c000",
"timestamp" : "0xce37ae1a",
"il_offset" : "0x0013f"
}
,
{
"is_managed" : "true",
"guid" : "AB36E2E4-2911-4BA7-BB91-A983AA89906A",
"token" : "0x60000c3",
"native_offset" : "0x0",
"filename" : "MonoDevelop.MSBuildBuilder.exe",
"sizeofimage" : "0x1c000",
"timestamp" : "0xce37ae1a",
"il_offset" : "0x00016"
}
,
{
"is_managed" : "true",
"guid" : "B27839CC-2DBA-4804-BAAC-F2F5CCE6DE32",
"token" : "0x6001ed0",
"native_offset" : "0x0",
"filename" : "mscorlib.dll",
"sizeofimage" : "0x472000",
"timestamp" : "0xe057582a",
"il_offset" : "0x0002b"
}
,
{
"is_managed" : "true",
"guid" : "B27839CC-2DBA-4804-BAAC-F2F5CCE6DE32",
"token" : "0x00000",
"native_offset" : "0x0",
"filename" : "mscorlib.dll",
"sizeofimage" : "0x472000",
"timestamp" : "0xe057582a",
"il_offset" : "0x0002a"
}

],
"unmanaged_frames" : [
{
"is_managed" : "false",
"native_address" : "0x104fa9756",
"native_offset" : "0x00000"
}
,
{
"is_managed" : "false",
"native_address" : "0x105144fd5",
"native_offset" : "0x00000"
}
,
{
"is_managed" : "false",
"native_address" : "0x105144d07",
"native_offset" : "0x00000"
}
,
{
"is_managed" : "false",
"native_address" : "0x105015840",
"native_offset" : "0x00000"
}
,
{
"is_managed" : "false",
"native_address" : "0x7ff812809c1d",
"native_offset" : "0x00000"
}
,
{
"is_managed" : "false",
"native_address" : "0x8440e08440c0844",
"native_offset" : "0x00000"
}
,
{
"is_managed" : "false",
"native_address" : "0x1051ebe20",
"native_offset" : "0x00000"
}
,
{
"is_managed" : "false",
"native_address" : "0x1051524d9",
"native_offset" : "0x00000"
}
,
{
"is_managed" : "false",
"native_address" : "0x1051523a1",
"native_offset" : "0x00000"
}
,
{
"is_managed" : "false",
"native_address" : "0x105152619",
"native_offset" : "0x00000"
}
,
{
"is_managed" : "false",
"native_address" : "0x10513f20d",
"native_offset" : "0x00000"
}
,
{
"is_managed" : "false",
"native_address" : "0x1050d82d8",
"native_offset" : "0x00000"
}
,
{
"is_managed" : "true",
"guid" : "B27839CC-2DBA-4804-BAAC-F2F5CCE6DE32",
"token" : "0x00000",
"native_offset" : "0x0",
"filename" : "mscorlib.dll",
"sizeofimage" : "0x472000",
"timestamp" : "0xe057582a",
"il_offset" : "0x00000"
}
,
{
"is_managed" : "true",
"guid" : "(null)",
"token" : "0x00000",
"native_offset" : "0x0",
"filename" : "(null)",
"sizeofimage" : "0x0",
"timestamp" : "0x0",
"il_offset" : "0x00000"
}
,
{
"is_managed" : "true",
"guid" : "(null)",
"token" : "0x00000",
"native_offset" : "0x0",
"filename" : "(null)",
"sizeofimage" : "0x0",
"timestamp" : "0x0",
"il_offset" : "0x00000"
}
,
{
"is_managed" : "true",
"guid" : "6F1AC64B-3624-4345-9AE7-E79676B4C67F",
"token" : "0x6000c96",
"native_offset" : "0x0",
"filename" : "Microsoft.Build.dll",
"sizeofimage" : "0x202000",
"timestamp" : "0xac7b724b",
"il_offset" : "0x00000"
}
,
{
"is_managed" : "true",
"guid" : "6F1AC64B-3624-4345-9AE7-E79676B4C67F",
"token" : "0x6000c99",
"native_offset" : "0x0",
"filename" : "Microsoft.Build.dll",
"sizeofimage" : "0x202000",
"timestamp" : "0xac7b724b",
"il_offset" : "0x00000"
}
,
{
"is_managed" : "true",
"guid" : "AB36E2E4-2911-4BA7-BB91-A983AA89906A",
"token" : "0x6000138",
"native_offset" : "0x0",
"filename" : "MonoDevelop.MSBuildBuilder.exe",
"sizeofimage" : "0x1c000",
"timestamp" : "0xce37ae1a",
"il_offset" : "0x00000"
}
,
{
"is_managed" : "true",
"guid" : "AB36E2E4-2911-4BA7-BB91-A983AA89906A",
"token" : "0x6000215",
"native_offset" : "0x0",
"filename" : "MonoDevelop.MSBuildBuilder.exe",
"sizeofimage" : "0x1c000",
"timestamp" : "0xce37ae1a",
"il_offset" : "0x00000"
}
,
{
"is_managed" : "true",
"guid" : "AB36E2E4-2911-4BA7-BB91-A983AA89906A",
"token" : "0x60000c3",
"native_offset" : "0x0",
"filename" : "MonoDevelop.MSBuildBuilder.exe",
"sizeofimage" : "0x1c000",
"timestamp" : "0xce37ae1a",
"il_offset" : "0x00000"
}
,
{
"is_managed" : "true",
"guid" : "(null)",
"token" : "0x00000",
"native_offset" : "0x0",
"filename" : "(null)",
"sizeofimage" : "0x0",
"timestamp" : "0x0",
"il_offset" : "0x00000"
}
,
{
"is_managed" : "true",
"guid" : "(null)",
"token" : "0x00000",
"native_offset" : "0x0",
"filename" : "(null)",
"sizeofimage" : "0x0",
"timestamp" : "0x0",
"il_offset" : "0x00000"
}
,
{
"is_managed" : "false",
"native_address" : "0x104f0b332",
"native_offset" : "0x00000"
}
,
{
"is_managed" : "false",
"native_address" : "0x10511add7",
"native_offset" : "0x00000"
}
,
{
"is_managed" : "false",
"native_address" : "0x1051216d0",
"native_offset" : "0x00000"
}
,
{
"is_managed" : "false",
"native_address" : "0x105145c5d",
"native_offset" : "0x00000"
}
,
{
"is_managed" : "false",
"native_address" : "0x7ff8127df259",
"native_offset" : "0x00000"
}
,
{
"is_managed" : "false",
"native_address" : "0x7ff8127dac7b",
"native_offset" : "0x00000"
}

]
},
{
"is_managed" : true,
"offset_free_hash" : "0xe17a1e718",
"offset_rich_hash" : "0xe17a1eb23",
"crashed" : true,
"native_thread_id" : "0x310d56000",
"thread_info_addr" : "0x7fb3a558aa00",
"thread_name" : "tid_a003",
"ctx" : {
"IP" : "0x7ff8127a730e",
"SP" : "0x310d4e6a8",
"BP" : "0x310d4e6d0"
},
"managed_frames" : [
{
"is_managed" : "false",
"native_address" : "unregistered"
}
,
{
"is_managed" : "true",
"guid" : "B27839CC-2DBA-4804-BAAC-F2F5CCE6DE32",
"token" : "0x00000",
"native_offset" : "0x0",
"filename" : "mscorlib.dll",
"sizeofimage" : "0x472000",
"timestamp" : "0xe057582a",
"il_offset" : "0x00000"
}
,
{
"is_managed" : "true",
"guid" : "B27839CC-2DBA-4804-BAAC-F2F5CCE6DE32",
"token" : "0x6004681",
"native_offset" : "0x0",
"filename" : "mscorlib.dll",
"sizeofimage" : "0x472000",
"timestamp" : "0xe057582a",
"il_offset" : "0x00021"
}
,
{
"is_managed" : "true",
"guid" : "B27839CC-2DBA-4804-BAAC-F2F5CCE6DE32",
"token" : "0x6006919",
"native_offset" : "0x0",
"filename" : "mscorlib.dll",
"sizeofimage" : "0x472000",
"timestamp" : "0xe057582a",
"il_offset" : "0x00071"
}
,
{
"is_managed" : "true",
"guid" : "B27839CC-2DBA-4804-BAAC-F2F5CCE6DE32",
"token" : "0x60056b2",
"native_offset" : "0x0",
"filename" : "mscorlib.dll",
"sizeofimage" : "0x472000",
"timestamp" : "0xe057582a",
"il_offset" : "0x00006"
}
,
{
"is_managed" : "true",
"guid" : "5964C1F3-3A6B-4E45-985E-4259425270A7",
"token" : "0x6004284",
"native_offset" : "0x0",
"filename" : "System.dll",
"sizeofimage" : "0x290000",
"timestamp" : "0x85731fb9",
"il_offset" : "0x00033"
}
,
{
"is_managed" : "true",
"guid" : "5964C1F3-3A6B-4E45-985E-4259425270A7",
"token" : "0x600427f",
"native_offset" : "0x0",
"filename" : "System.dll",
"sizeofimage" : "0x290000",
"timestamp" : "0x85731fb9",
"il_offset" : "0x001b1"
}
,
{
"is_managed" : "true",
"guid" : "5964C1F3-3A6B-4E45-985E-4259425270A7",
"token" : "0x600447f",
"native_offset" : "0x0",
"filename" : "System.dll",
"sizeofimage" : "0x290000",
"timestamp" : "0x85731fb9",
"il_offset" : "0x00043"
}
,
{
"is_managed" : "true",
"guid" : "B27839CC-2DBA-4804-BAAC-F2F5CCE6DE32",
"token" : "0x6001ed0",
"native_offset" : "0x0",
"filename" : "mscorlib.dll",
"sizeofimage" : "0x472000",
"timestamp" : "0xe057582a",
"il_offset" : "0x0002b"
}
,
{
"is_managed" : "true",
"guid" : "5964C1F3-3A6B-4E45-985E-4259425270A7",
"token" : "0x600427e",
"native_offset" : "0x0",
"filename" : "System.dll",
"sizeofimage" : "0x290000",
"timestamp" : "0x85731fb9",
"il_offset" : "0x00093"
}
,
{
"is_managed" : "true",
"guid" : "5964C1F3-3A6B-4E45-985E-4259425270A7",
"token" : "0x00000",
"native_offset" : "0x0",
"filename" : "System.dll",
"sizeofimage" : "0x290000",
"timestamp" : "0x85731fb9",
"il_offset" : "0xffffffff"
}
,
{
"is_managed" : "false",
"native_address" : "unregistered"
}
,
{
"is_managed" : "true",
"guid" : "5964C1F3-3A6B-4E45-985E-4259425270A7",
"token" : "0x00000",
"native_offset" : "0x0",
"filename" : "System.dll",
"sizeofimage" : "0x290000",
"timestamp" : "0x85731fb9",
"il_offset" : "0x00000"
}
,
{
"is_managed" : "true",
"guid" : "5964C1F3-3A6B-4E45-985E-4259425270A7",
"token" : "0x6004477",
"native_offset" : "0x0",
"filename" : "System.dll",
"sizeofimage" : "0x290000",
"timestamp" : "0x85731fb9",
"il_offset" : "0x0003a"
}
,
{
"is_managed" : "true",
"guid" : "B27839CC-2DBA-4804-BAAC-F2F5CCE6DE32",
"token" : "0x6001ed0",
"native_offset" : "0x0",
"filename" : "mscorlib.dll",
"sizeofimage" : "0x472000",
"timestamp" : "0xe057582a",
"il_offset" : "0x0002b"
}
,
{
"is_managed" : "true",
"guid" : "B27839CC-2DBA-4804-BAAC-F2F5CCE6DE32",
"token" : "0x00000",
"native_offset" : "0x0",
"filename" : "mscorlib.dll",
"sizeofimage" : "0x472000",
"timestamp" : "0xe057582a",
"il_offset" : "0x0002a"
}

],
"unmanaged_frames" : [
{
"is_managed" : "false",
"native_address" : "0x104fa9756",
"native_offset" : "0x00000"
}
,
{
"is_managed" : "false",
"native_address" : "0x105144fd5",
"native_offset" : "0x00000"
}
,
{
"is_managed" : "false",
"native_address" : "0x10514564a",
"native_offset" : "0x00000"
}
,
{
"is_managed" : "false",
"native_address" : "0x105016907",
"native_offset" : "0x00000"
}
,
{
"is_managed" : "false",
"native_address" : "0x104fae3ee",
"native_offset" : "0x00000"
}
,
{
"is_managed" : "false",
"native_address" : "0x105015bff",
"native_offset" : "0x00000"
}
,
{
"is_managed" : "false",
"native_address" : "0x7ff812809c1d",
"native_offset" : "0x00000"
}
,
{
"is_managed" : "false",
"native_address" : "unregistered"
}
,
{
"is_managed" : "false",
"native_address" : "0x7ff812728ca5",
"native_offset" : "0x00000"
}
,
{
"is_managed" : "false",
"native_address" : "0x105202e97",
"native_offset" : "0x00000"
}
,
{
"is_managed" : "false",
"native_address" : "0x1051e3cff",
"native_offset" : "0x00000"
}
,
{
"is_managed" : "false",
"native_address" : "0x10520332e",
"native_offset" : "0x00000"
}
,
{
"is_managed" : "false",
"native_address" : "0x1052033e2",
"native_offset" : "0x00000"
}
,
{
"is_managed" : "false",
"native_address" : "0x1051f79cd",
"native_offset" : "0x00000"
}
,
{
"is_managed" : "false",
"native_address" : "0x1051894bf",
"native_offset" : "0x00000"
}
,
{
"is_managed" : "false",
"native_address" : "0x1051880fe",
"native_offset" : "0x00000"
}
,
{
"is_managed" : "true",
"guid" : "B27839CC-2DBA-4804-BAAC-F2F5CCE6DE32",
"token" : "0x00000",
"native_offset" : "0x0",
"filename" : "mscorlib.dll",
"sizeofimage" : "0x472000",
"timestamp" : "0xe057582a",
"il_offset" : "0x00000"
}
,
{
"is_managed" : "true",
"guid" : "B27839CC-2DBA-4804-BAAC-F2F5CCE6DE32",
"token" : "0x6004681",
"native_offset" : "0x0",
"filename" : "mscorlib.dll",
"sizeofimage" : "0x472000",
"timestamp" : "0xe057582a",
"il_offset" : "0x00000"
}
,
{
"is_managed" : "true",
"guid" : "B27839CC-2DBA-4804-BAAC-F2F5CCE6DE32",
"token" : "0x6006919",
"native_offset" : "0x0",
"filename" : "mscorlib.dll",
"sizeofimage" : "0x472000",
"timestamp" : "0xe057582a",
"il_offset" : "0x00000"
}
,
{
"is_managed" : "true",
"guid" : "(null)",
"token" : "0x00000",
"native_offset" : "0x0",
"filename" : "(null)",
"sizeofimage" : "0x0",
"timestamp" : "0x0",
"il_offset" : "0x00000"
}
,
{
"is_managed" : "true",
"guid" : "(null)",
"token" : "0x00000",
"native_offset" : "0x0",
"filename" : "(null)",
"sizeofimage" : "0x0",
"timestamp" : "0x0",
"il_offset" : "0x00000"
}
,
{
"is_managed" : "true",
"guid" : "5964C1F3-3A6B-4E45-985E-4259425270A7",
"token" : "0x600427f",
"native_offset" : "0x0",
"filename" : "System.dll",
"sizeofimage" : "0x290000",
"timestamp" : "0x85731fb9",
"il_offset" : "0x00000"
}
,
{
"is_managed" : "true",
"guid" : "5964C1F3-3A6B-4E45-985E-4259425270A7",
"token" : "0x600447f",
"native_offset" : "0x0",
"filename" : "System.dll",
"sizeofimage" : "0x290000",
"timestamp" : "0x85731fb9",
"il_offset" : "0x00000"
}
,
{
"is_managed" : "true",
"guid" : "(null)",
"token" : "0x00000",
"native_offset" : "0x0",
"filename" : "(null)",
"sizeofimage" : "0x0",
"timestamp" : "0x0",
"il_offset" : "0x00000"
}
,
{
"is_managed" : "true",
"guid" : "(null)",
"token" : "0x00000",
"native_offset" : "0x0",
"filename" : "(null)",
"sizeofimage" : "0x0",
"timestamp" : "0x0",
"il_offset" : "0x00000"
}
,
{
"is_managed" : "true",
"guid" : "5964C1F3-3A6B-4E45-985E-4259425270A7",
"token" : "0x00000",
"native_offset" : "0x0",
"filename" : "System.dll",
"sizeofimage" : "0x290000",
"timestamp" : "0x85731fb9",
"il_offset" : "0x00000"
}
,
{
"is_managed" : "false",
"native_address" : "0x7ff81ae821ea",
"native_offset" : "0x00000"
}
,
{
"is_managed" : "false",
"native_address" : "0x7ff81ae812be",
"native_offset" : "0x00000"
}
,
{
"is_managed" : "false",
"native_address" : "0x7ff81ae811b7",
"native_offset" : "0x00000"
}
,
{
"is_managed" : "false",
"native_address" : "0x7ff81ae847bf",
"native_offset" : "0x00000"
}
,
{
"is_managed" : "false",
"native_address" : "0x7ff8128e71ac",
"native_offset" : "0x00000"
}
,
{
"is_managed" : "false",
"native_address" : "0x7ff8128ba418",
"native_offset" : "0x00000"
}
,
{
"is_managed" : "false",
"native_address" : "0x7ff8128ba357",
"native_offset" : "0x00000"
}
,
{
"is_managed" : "false",
"native_address" : "0x7ff8128b8fd6",
"native_offset" : "0x00000"
}
,
{
"is_managed" : "false",
"native_address" : "0x7ff8128b7e9f",
"native_offset" : "0x00000"
}
,
{
"is_managed" : "false",
"native_address" : "0x7ff81293c105",
"native_offset" : "0x00000"
}
,
{
"is_managed" : "false",
"native_address" : "0x11405421c",
"native_offset" : "0x00000"
}
,
{
"is_managed" : "true",
"guid" : "5964C1F3-3A6B-4E45-985E-4259425270A7",
"token" : "0x00000",
"native_offset" : "0x0",
"filename" : "System.dll",
"sizeofimage" : "0x290000",
"timestamp" : "0x85731fb9",
"il_offset" : "0x00000"
}
,
{
"is_managed" : "true",
"guid" : "5964C1F3-3A6B-4E45-985E-4259425270A7",
"token" : "0x6004477",
"native_offset" : "0x0",
"filename" : "System.dll",
"sizeofimage" : "0x290000",
"timestamp" : "0x85731fb9",
"il_offset" : "0x00000"
}
,
{
"is_managed" : "true",
"guid" : "(null)",
"token" : "0x00000",
"native_offset" : "0x0",
"filename" : "(null)",
"sizeofimage" : "0x0",
"timestamp" : "0x0",
"il_offset" : "0x00000"
}
,
{
"is_managed" : "true",
"guid" : "(null)",
"token" : "0x00000",
"native_offset" : "0x0",
"filename" : "(null)",
"sizeofimage" : "0x0",
"timestamp" : "0x0",
"il_offset" : "0x00000"
}
,
{
"is_managed" : "false",
"native_address" : "0x104f0b332",
"native_offset" : "0x00000"
}
,
{
"is_managed" : "false",
"native_address" : "0x10511add7",
"native_offset" : "0x00000"
}
,
{
"is_managed" : "false",
"native_address" : "0x1051216d0",
"native_offset" : "0x00000"
}
,
{
"is_managed" : "false",
"native_address" : "0x105145c5d",
"native_offset" : "0x00000"
}
,
{
"is_managed" : "false",
"native_address" : "0x7ff8127df259",
"native_offset" : "0x00000"
}
,
{
"is_managed" : "false",
"native_address" : "0x7ff8127dac7b",
"native_offset" : "0x00000"
}

]
},
{
"is_managed" : true,
"offset_free_hash" : "0x208aa6d2f",
"offset_rich_hash" : "0x208aa6d59",
"crashed" : false,
"native_thread_id" : "0x30f6f2000",
"thread_info_addr" : "0x7fb3a48f1400",
"thread_name" : "Thread Pool Worker",
"ctx" : {
"IP" : "0x7ff8127a31fe",
"SP" : "0x30f6f0f38",
"BP" : "0x30f6f0fe0"
},
"managed_frames" : [
{
"is_managed" : "false",
"native_address" : "unregistered"
}
,
{
"is_managed" : "true",
"guid" : "B27839CC-2DBA-4804-BAAC-F2F5CCE6DE32",
"token" : "0x00000",
"native_offset" : "0x0",
"filename" : "mscorlib.dll",
"sizeofimage" : "0x472000",
"timestamp" : "0xe057582a",
"il_offset" : "0x00000"
}
,
{
"is_managed" : "true",
"guid" : "B27839CC-2DBA-4804-BAAC-F2F5CCE6DE32",
"token" : "0x00000",
"native_offset" : "0x0",
"filename" : "mscorlib.dll",
"sizeofimage" : "0x472000",
"timestamp" : "0xe057582a",
"il_offset" : "0x0002a"
}

],
"unmanaged_frames" : [
{
"is_managed" : "false",
"native_address" : "0x104fa9756",
"native_offset" : "0x00000"
}
,
{
"is_managed" : "false",
"native_address" : "0x105144fd5",
"native_offset" : "0x00000"
}
,
{
"is_managed" : "false",
"native_address" : "0x105144d07",
"native_offset" : "0x00000"
}
,
{
"is_managed" : "false",
"native_address" : "0x105015840",
"native_offset" : "0x00000"
}
,
{
"is_managed" : "false",
"native_address" : "0x7ff812809c1d",
"native_offset" : "0x00000"
}
,
{
"is_managed" : "false",
"native_address" : "0x7fb3a4f0115c",
"native_offset" : "0x00000"
}
,
{
"is_managed" : "false",
"native_address" : "0x1051ebe20",
"native_offset" : "0x00000"
}
,
{
"is_managed" : "false",
"native_address" : "0x105153138",
"native_offset" : "0x00000"
}
,
{
"is_managed" : "false",
"native_address" : "0x105152cf2",
"native_offset" : "0x00000"
}
,
{
"is_managed" : "false",
"native_address" : "0x10513f20d",
"native_offset" : "0x00000"
}
,
{
"is_managed" : "false",
"native_address" : "0x1050d82d8",
"native_offset" : "0x00000"
}
,
{
"is_managed" : "true",
"guid" : "B27839CC-2DBA-4804-BAAC-F2F5CCE6DE32",
"token" : "0x00000",
"native_offset" : "0x0",
"filename" : "mscorlib.dll",
"sizeofimage" : "0x472000",
"timestamp" : "0xe057582a",
"il_offset" : "0x00000"
}
,
{
"is_managed" : "true",
"guid" : "(null)",
"token" : "0x00000",
"native_offset" : "0x0",
"filename" : "(null)",
"sizeofimage" : "0x0",
"timestamp" : "0x0",
"il_offset" : "0x00000"
}
,
{
"is_managed" : "true",
"guid" : "(null)",
"token" : "0x00000",
"native_offset" : "0x0",
"filename" : "(null)",
"sizeofimage" : "0x0",
"timestamp" : "0x0",
"il_offset" : "0x00000"
}

]
},
{
"is_managed" : true,
"offset_free_hash" : "0x4e665727f",
"offset_rich_hash" : "0x4e66572ed",
"crashed" : false,
"native_thread_id" : "0x31090d000",
"thread_info_addr" : "0x7fb3a5285800",
"thread_name" : "tid_8103",
"ctx" : {
"IP" : "0x7ff8127a31fe",
"SP" : "0x31090c818",
"BP" : "0x31090c8c0"
},
"managed_frames" : [
{
"is_managed" : "false",
"native_address" : "unregistered"
}
,
{
"is_managed" : "true",
"guid" : "B27839CC-2DBA-4804-BAAC-F2F5CCE6DE32",
"token" : "0x00000",
"native_offset" : "0x0",
"filename" : "mscorlib.dll",
"sizeofimage" : "0x472000",
"timestamp" : "0xe057582a",
"il_offset" : "0x00000"
}
,
{
"is_managed" : "true",
"guid" : "B27839CC-2DBA-4804-BAAC-F2F5CCE6DE32",
"token" : "0x6001f52",
"native_offset" : "0x0",
"filename" : "mscorlib.dll",
"sizeofimage" : "0x472000",
"timestamp" : "0xe057582a",
"il_offset" : "0x00019"
}
,
{
"is_managed" : "true",
"guid" : "AB36E2E4-2911-4BA7-BB91-A983AA89906A",
"token" : "0x6000206",
"native_offset" : "0x0",
"filename" : "MonoDevelop.MSBuildBuilder.exe",
"sizeofimage" : "0x1c000",
"timestamp" : "0xce37ae1a",
"il_offset" : "0x00000"
}
,
{
"is_managed" : "true",
"guid" : "B27839CC-2DBA-4804-BAAC-F2F5CCE6DE32",
"token" : "0x6001ed0",
"native_offset" : "0x0",
"filename" : "mscorlib.dll",
"sizeofimage" : "0x472000",
"timestamp" : "0xe057582a",
"il_offset" : "0x0002b"
}
,
{
"is_managed" : "true",
"guid" : "B27839CC-2DBA-4804-BAAC-F2F5CCE6DE32",
"token" : "0x00000",
"native_offset" : "0x0",
"filename" : "mscorlib.dll",
"sizeofimage" : "0x472000",
"timestamp" : "0xe057582a",
"il_offset" : "0x0002a"
}

],
"unmanaged_frames" : [
{
"is_managed" : "false",
"native_address" : "0x104fa9756",
"native_offset" : "0x00000"
}
,
{
"is_managed" : "false",
"native_address" : "0x105144fd5",
"native_offset" : "0x00000"
}
,
{
"is_managed" : "false",
"native_address" : "0x105144d07",
"native_offset" : "0x00000"
}
,
{
"is_managed" : "false",
"native_address" : "0x105015840",
"native_offset" : "0x00000"
}
,
{
"is_managed" : "false",
"native_address" : "0x7ff812809c1d",
"native_offset" : "0x00000"
}
,
{
"is_managed" : "false",
"native_address" : "unregistered"
}
,
{
"is_managed" : "false",
"native_address" : "0x1051ebe04",
"native_offset" : "0x00000"
}
,
{
"is_managed" : "false",
"native_address" : "0x1051f73dd",
"native_offset" : "0x00000"
}
,
{
"is_managed" : "false",
"native_address" : "0x10513dccd",
"native_offset" : "0x00000"
}
,
{
"is_managed" : "false",
"native_address" : "0x1050d7939",
"native_offset" : "0x00000"
}
,
{
"is_managed" : "true",
"guid" : "B27839CC-2DBA-4804-BAAC-F2F5CCE6DE32",
"token" : "0x00000",
"native_offset" : "0x0",
"filename" : "mscorlib.dll",
"sizeofimage" : "0x472000",
"timestamp" : "0xe057582a",
"il_offset" : "0x00000"
}
,
{
"is_managed" : "true",
"guid" : "B27839CC-2DBA-4804-BAAC-F2F5CCE6DE32",
"token" : "0x6001f52",
"native_offset" : "0x0",
"filename" : "mscorlib.dll",
"sizeofimage" : "0x472000",
"timestamp" : "0xe057582a",
"il_offset" : "0x00000"
}
,
{
"is_managed" : "true",
"guid" : "(null)",
"token" : "0x00000",
"native_offset" : "0x0",
"filename" : "(null)",
"sizeofimage" : "0x0",
"timestamp" : "0x0",
"il_offset" : "0x00000"
}
,
{
"is_managed" : "true",
"guid" : "(null)",
"token" : "0x00000",
"native_offset" : "0x0",
"filename" : "(null)",
"sizeofimage" : "0x0",
"timestamp" : "0x0",
"il_offset" : "0x00000"
}
,
{
"is_managed" : "false",
"native_address" : "0x104f0b332",
"native_offset" : "0x00000"
}
,
{
"is_managed" : "false",
"native_address" : "0x10511add7",
"native_offset" : "0x00000"
}
,
{
"is_managed" : "false",
"native_address" : "0x1051216d0",
"native_offset" : "0x00000"
}
,
{
"is_managed" : "false",
"native_address" : "0x105145c5d",
"native_offset" : "0x00000"
}
,
{
"is_managed" : "false",
"native_address" : "0x7ff8127df259",
"native_offset" : "0x00000"
}
,
{
"is_managed" : "false",
"native_address" : "0x7ff8127dac7b",
"native_offset" : "0x00000"
}

]
},
{
"is_managed" : true,
"offset_free_hash" : "0x4adaea0c4",
"offset_rich_hash" : "0x4adaea160",
"crashed" : false,
"native_thread_id" : "0x310b53000",
"thread_info_addr" : "0x7fb3849afa00",
"thread_name" : "In-proc Node (Default)",
"ctx" : {
"IP" : "0x7ff8127a31fe",
"SP" : "0x310b520e8",
"BP" : "0x310b52190"
},
"managed_frames" : [
{
"is_managed" : "false",
"native_address" : "unregistered"
}
,
{
"is_managed" : "true",
"guid" : "B27839CC-2DBA-4804-BAAC-F2F5CCE6DE32",
"token" : "0x00000",
"native_offset" : "0x0",
"filename" : "mscorlib.dll",
"sizeofimage" : "0x472000",
"timestamp" : "0xe057582a",
"il_offset" : "0x00000"
}
,
{
"is_managed" : "true",
"guid" : "B27839CC-2DBA-4804-BAAC-F2F5CCE6DE32",
"token" : "0x6002056",
"native_offset" : "0x0",
"filename" : "mscorlib.dll",
"sizeofimage" : "0x472000",
"timestamp" : "0xe057582a",
"il_offset" : "0x00000"
}
,
{
"is_managed" : "true",
"guid" : "6F1AC64B-3624-4345-9AE7-E79676B4C67F",
"token" : "0x600137c",
"native_offset" : "0x0",
"filename" : "Microsoft.Build.dll",
"sizeofimage" : "0x202000",
"timestamp" : "0xac7b724b",
"il_offset" : "0x00047"
}
,
{
"is_managed" : "true",
"guid" : "6F1AC64B-3624-4345-9AE7-E79676B4C67F",
"token" : "0x60015cd",
"native_offset" : "0x0",
"filename" : "Microsoft.Build.dll",
"sizeofimage" : "0x202000",
"timestamp" : "0xac7b724b",
"il_offset" : "0x00000"
}
,
{
"is_managed" : "true",
"guid" : "B27839CC-2DBA-4804-BAAC-F2F5CCE6DE32",
"token" : "0x6001ed0",
"native_offset" : "0x0",
"filename" : "mscorlib.dll",
"sizeofimage" : "0x472000",
"timestamp" : "0xe057582a",
"il_offset" : "0x0002b"
}
,
{
"is_managed" : "true",
"guid" : "B27839CC-2DBA-4804-BAAC-F2F5CCE6DE32",
"token" : "0x00000",
"native_offset" : "0x0",
"filename" : "mscorlib.dll",
"sizeofimage" : "0x472000",
"timestamp" : "0xe057582a",
"il_offset" : "0x0002a"
}

],
"unmanaged_frames" : [
{
"is_managed" : "false",
"native_address" : "0x104fa9756",
"native_offset" : "0x00000"
}
,
{
"is_managed" : "false",
"native_address" : "0x105144fd5",
"native_offset" : "0x00000"
}
,
{
"is_managed" : "false",
"native_address" : "0x105144d07",
"native_offset" : "0x00000"
}
,
{
"is_managed" : "false",
"native_address" : "0x105015840",
"native_offset" : "0x00000"
}
,
{
"is_managed" : "false",
"native_address" : "0x7ff812809c1d",
"native_offset" : "0x00000"
}
,
{
"is_managed" : "false",
"native_address" : "0x10dfae000",
"native_offset" : "0x00000"
}
,
{
"is_managed" : "false",
"native_address" : "0x1051ebe20",
"native_offset" : "0x00000"
}
,
{
"is_managed" : "false",
"native_address" : "0x105153138",
"native_offset" : "0x00000"
}
,
{
"is_managed" : "false",
"native_address" : "0x105152cf2",
"native_offset" : "0x00000"
}
,
{
"is_managed" : "false",
"native_address" : "0x10513f20d",
"native_offset" : "0x00000"
}
,
{
"is_managed" : "false",
"native_address" : "0x1050d82d8",
"native_offset" : "0x00000"
}
,
{
"is_managed" : "true",
"guid" : "B27839CC-2DBA-4804-BAAC-F2F5CCE6DE32",
"token" : "0x00000",
"native_offset" : "0x0",
"filename" : "mscorlib.dll",
"sizeofimage" : "0x472000",
"timestamp" : "0xe057582a",
"il_offset" : "0x00000"
}
,
{
"is_managed" : "true",
"guid" : "(null)",
"token" : "0x00000",
"native_offset" : "0x0",
"filename" : "(null)",
"sizeofimage" : "0x0",
"timestamp" : "0x0",
"il_offset" : "0x00000"
}
,
{
"is_managed" : "true",
"guid" : "(null)",
"token" : "0x00000",
"native_offset" : "0x0",
"filename" : "(null)",
"sizeofimage" : "0x0",
"timestamp" : "0x0",
"il_offset" : "0x00000"
}

]
},
{
"is_managed" : false,
"offset_free_hash" : "0x0",
"offset_rich_hash" : "0x0",
"crashed" : false,
"native_thread_id" : "0x30f4ef000",
"thread_info_addr" : "0x7fb3a504dc00",
"thread_name" : "Thread Pool Worker",
"ctx" : {
"IP" : "0x7ff8127a0636",
"SP" : "0x30f4eee98",
"BP" : "0x30f4eef00"
},
"unmanaged_frames" : [
{
"is_managed" : "false",
"native_address" : "0x104fa9756",
"native_offset" : "0x00000"
}
,
{
"is_managed" : "false",
"native_address" : "0x105144fd5",
"native_offset" : "0x00000"
}
,
{
"is_managed" : "false",
"native_address" : "0x105144d07",
"native_offset" : "0x00000"
}
,
{
"is_managed" : "false",
"native_address" : "0x105015840",
"native_offset" : "0x00000"
}
,
{
"is_managed" : "false",
"native_address" : "0x7ff812809c1d",
"native_offset" : "0x00000"
}
,
{
"is_managed" : "false",
"native_address" : "unregistered"
}
,
{
"is_managed" : "false",
"native_address" : "0x105145c1d",
"native_offset" : "0x00000"
}
,
{
"is_managed" : "false",
"native_address" : "0x7ff8127df259",
"native_offset" : "0x00000"
}
,
{
"is_managed" : "false",
"native_address" : "0x7ff8127dac7b",
"native_offset" : "0x00000"
}

]
},
{
"is_managed" : true,
"offset_free_hash" : "0x15307d803c",
"offset_rich_hash" : "0x15307d843a",
"crashed" : false,
"native_thread_id" : "0x31070a000",
"thread_info_addr" : "0x7fb3a4b01600",
"thread_name" : "Thread Pool Worker",
"ctx" : {
"IP" : "0x7ff8127a298a",
"SP" : "0x310708d38",
"BP" : "0x310708d70"
},
"managed_frames" : [
{
"is_managed" : "false",
"native_address" : "unregistered"
}
,
{
"is_managed" : "true",
"guid" : "B27839CC-2DBA-4804-BAAC-F2F5CCE6DE32",
"token" : "0x00000",
"native_offset" : "0x0",
"filename" : "mscorlib.dll",
"sizeofimage" : "0x472000",
"timestamp" : "0xe057582a",
"il_offset" : "0x00000"
}
,
{
"is_managed" : "true",
"guid" : "B27839CC-2DBA-4804-BAAC-F2F5CCE6DE32",
"token" : "0x6004681",
"native_offset" : "0x0",
"filename" : "mscorlib.dll",
"sizeofimage" : "0x472000",
"timestamp" : "0xe057582a",
"il_offset" : "0x0010a"
}
,
{
"is_managed" : "true",
"guid" : "B27839CC-2DBA-4804-BAAC-F2F5CCE6DE32",
"token" : "0x6006919",
"native_offset" : "0x0",
"filename" : "mscorlib.dll",
"sizeofimage" : "0x472000",
"timestamp" : "0xe057582a",
"il_offset" : "0x00071"
}
,
{
"is_managed" : "true",
"guid" : "B27839CC-2DBA-4804-BAAC-F2F5CCE6DE32",
"token" : "0x60056b2",
"native_offset" : "0x0",
"filename" : "mscorlib.dll",
"sizeofimage" : "0x472000",
"timestamp" : "0xe057582a",
"il_offset" : "0x00006"
}
,
{
"is_managed" : "true",
"guid" : "B27839CC-2DBA-4804-BAAC-F2F5CCE6DE32",
"token" : "0x6005619",
"native_offset" : "0x0",
"filename" : "mscorlib.dll",
"sizeofimage" : "0x472000",
"timestamp" : "0xe057582a",
"il_offset" : "0x00043"
}
,
{
"is_managed" : "true",
"guid" : "6F1AC64B-3624-4345-9AE7-E79676B4C67F",
"token" : "0x6001dc0",
"native_offset" : "0x0",
"filename" : "Microsoft.Build.dll",
"sizeofimage" : "0x202000",
"timestamp" : "0xac7b724b",
"il_offset" : "0x00000"
}
,
{
"is_managed" : "true",
"guid" : "6F1AC64B-3624-4345-9AE7-E79676B4C67F",
"token" : "0x6001532",
"native_offset" : "0x0",
"filename" : "Microsoft.Build.dll",
"sizeofimage" : "0x202000",
"timestamp" : "0xac7b724b",
"il_offset" : "0x00007"
}
,
{
"is_managed" : "true",
"guid" : "6F1AC64B-3624-4345-9AE7-E79676B4C67F",
"token" : "0x600130e",
"native_offset" : "0x0",
"filename" : "Microsoft.Build.dll",
"sizeofimage" : "0x202000",
"timestamp" : "0xac7b724b",
"il_offset" : "0x0003d"
}
,
{
"is_managed" : "true",
"guid" : "6F1AC64B-3624-4345-9AE7-E79676B4C67F",
"token" : "0x600241a",
"native_offset" : "0x0",
"filename" : "Microsoft.Build.dll",
"sizeofimage" : "0x202000",
"timestamp" : "0xac7b724b",
"il_offset" : "0x000bf"
}
,
{
"is_managed" : "true",
"guid" : "6F1AC64B-3624-4345-9AE7-E79676B4C67F",
"token" : "0x6002420",
"native_offset" : "0x0",
"filename" : "Microsoft.Build.dll",
"sizeofimage" : "0x202000",
"timestamp" : "0xac7b724b",
"il_offset" : "0x00000"
}
,
{
"is_managed" : "true",
"guid" : "6F1AC64B-3624-4345-9AE7-E79676B4C67F",
"token" : "0x6002412",
"native_offset" : "0x0",
"filename" : "Microsoft.Build.dll",
"sizeofimage" : "0x202000",
"timestamp" : "0xac7b724b",
"il_offset" : "0x00000"
}
,
{
"is_managed" : "true",
"guid" : "A16933CF-9E48-4904-9C1D-E207A5A16EC2",
"token" : "0x600012f",
"native_offset" : "0x0",
"filename" : "System.Threading.Tasks.Dataflow.dll",
"sizeofimage" : "0x2c000",
"timestamp" : "0x5afb3dfb",
"il_offset" : "0x00008"
}
,
{
"is_managed" : "true",
"guid" : "A16933CF-9E48-4904-9C1D-E207A5A16EC2",
"token" : "0x6000145",
"native_offset" : "0x0",
"filename" : "System.Threading.Tasks.Dataflow.dll",
"sizeofimage" : "0x2c000",
"timestamp" : "0x5afb3dfb",
"il_offset" : "0x00000"
}
,
{
"is_managed" : "true",
"guid" : "A16933CF-9E48-4904-9C1D-E207A5A16EC2",
"token" : "0x600045a",
"native_offset" : "0x0",
"filename" : "System.Threading.Tasks.Dataflow.dll",
"sizeofimage" : "0x2c000",
"timestamp" : "0x5afb3dfb",
"il_offset" : "0x00105"
}
,
{
"is_managed" : "true",
"guid" : "A16933CF-9E48-4904-9C1D-E207A5A16EC2",
"token" : "0x6000476",
"native_offset" : "0x0",
"filename" : "System.Threading.Tasks.Dataflow.dll",
"sizeofimage" : "0x2c000",
"timestamp" : "0x5afb3dfb",
"il_offset" : "0x00000"
}
,
{
"is_managed" : "true",
"guid" : "B27839CC-2DBA-4804-BAAC-F2F5CCE6DE32",
"token" : "0x00000",
"native_offset" : "0x0",
"filename" : "mscorlib.dll",
"sizeofimage" : "0x472000",
"timestamp" : "0xe057582a",
"il_offset" : "0x0002a"
}

],
"unmanaged_frames" : [
{
"is_managed" : "false",
"native_address" : "0x104fa9756",
"native_offset" : "0x00000"
}
,
{
"is_managed" : "false",
"native_address" : "0x105144fd5",
"native_offset" : "0x00000"
}
,
{
"is_managed" : "false",
"native_address" : "0x105144d07",
"native_offset" : "0x00000"
}
,
{
"is_managed" : "false",
"native_address" : "0x105015840",
"native_offset" : "0x00000"
}
,
{
"is_managed" : "false",
"native_address" : "0x7ff812809c1d",
"native_offset" : "0x00000"
}
,
{
"is_managed" : "false",
"native_address" : "unregistered"
}
,
{
"is_managed" : "false",
"native_address" : "0x7ff8127da9c8",
"native_offset" : "0x00000"
}
,
{
"is_managed" : "false",
"native_address" : "0x105189841",
"native_offset" : "0x00000"
}
,
{
"is_managed" : "false",
"native_address" : "0x10518856d",
"native_offset" : "0x00000"
}
,
{
"is_managed" : "false",
"native_address" : "0x1050d66c9",
"native_offset" : "0x00000"
}
,
{
"is_managed" : "true",
"guid" : "B27839CC-2DBA-4804-BAAC-F2F5CCE6DE32",
"token" : "0x00000",
"native_offset" : "0x0",
"filename" : "mscorlib.dll",
"sizeofimage" : "0x472000",
"timestamp" : "0xe057582a",
"il_offset" : "0x00000"
}
,
{
"is_managed" : "true",
"guid" : "B27839CC-2DBA-4804-BAAC-F2F5CCE6DE32",
"token" : "0x6004681",
"native_offset" : "0x0",
"filename" : "mscorlib.dll",
"sizeofimage" : "0x472000",
"timestamp" : "0xe057582a",
"il_offset" : "0x00000"
}
,
{
"is_managed" : "true",
"guid" : "B27839CC-2DBA-4804-BAAC-F2F5CCE6DE32",
"token" : "0x6006919",
"native_offset" : "0x0",
"filename" : "mscorlib.dll",
"sizeofimage" : "0x472000",
"timestamp" : "0xe057582a",
"il_offset" : "0x00000"
}
,
{
"is_managed" : "true",
"guid" : "(null)",
"token" : "0x00000",
"native_offset" : "0x0",
"filename" : "(null)",
"sizeofimage" : "0x0",
"timestamp" : "0x0",
"il_offset" : "0x00000"
}
,
{
"is_managed" : "true",
"guid" : "(null)",
"token" : "0x00000",
"native_offset" : "0x0",
"filename" : "(null)",
"sizeofimage" : "0x0",
"timestamp" : "0x0",
"il_offset" : "0x00000"
}
,
{
"is_managed" : "true",
"guid" : "6F1AC64B-3624-4345-9AE7-E79676B4C67F",
"token" : "0x6001dc0",
"native_offset" : "0x0",
"filename" : "Microsoft.Build.dll",
"sizeofimage" : "0x202000",
"timestamp" : "0xac7b724b",
"il_offset" : "0x00000"
}
,
{
"is_managed" : "true",
"guid" : "6F1AC64B-3624-4345-9AE7-E79676B4C67F",
"token" : "0x6001532",
"native_offset" : "0x0",
"filename" : "Microsoft.Build.dll",
"sizeofimage" : "0x202000",
"timestamp" : "0xac7b724b",
"il_offset" : "0x00000"
}
,
{
"is_managed" : "true",
"guid" : "6F1AC64B-3624-4345-9AE7-E79676B4C67F",
"token" : "0x600130e",
"native_offset" : "0x0",
"filename" : "Microsoft.Build.dll",
"sizeofimage" : "0x202000",
"timestamp" : "0xac7b724b",
"il_offset" : "0x00000"
}
,
{
"is_managed" : "true",
"guid" : "6F1AC64B-3624-4345-9AE7-E79676B4C67F",
"token" : "0x600241a",
"native_offset" : "0x0",
"filename" : "Microsoft.Build.dll",
"sizeofimage" : "0x202000",
"timestamp" : "0xac7b724b",
"il_offset" : "0x00000"
}
,
{
"is_managed" : "true",
"guid" : "6F1AC64B-3624-4345-9AE7-E79676B4C67F",
"token" : "0x6002420",
"native_offset" : "0x0",
"filename" : "Microsoft.Build.dll",
"sizeofimage" : "0x202000",
"timestamp" : "0xac7b724b",
"il_offset" : "0x00000"
}
,
{
"is_managed" : "true",
"guid" : "6F1AC64B-3624-4345-9AE7-E79676B4C67F",
"token" : "0x6002412",
"native_offset" : "0x0",
"filename" : "Microsoft.Build.dll",
"sizeofimage" : "0x202000",
"timestamp" : "0xac7b724b",
"il_offset" : "0x00000"
}
,
{
"is_managed" : "true",
"guid" : "A16933CF-9E48-4904-9C1D-E207A5A16EC2",
"token" : "0x600012f",
"native_offset" : "0x0",
"filename" : "System.Threading.Tasks.Dataflow.dll",
"sizeofimage" : "0x2c000",
"timestamp" : "0x5afb3dfb",
"il_offset" : "0x00000"
}
,
{
"is_managed" : "true",
"guid" : "A16933CF-9E48-4904-9C1D-E207A5A16EC2",
"token" : "0x6000145",
"native_offset" : "0x0",
"filename" : "System.Threading.Tasks.Dataflow.dll",
"sizeofimage" : "0x2c000",
"timestamp" : "0x5afb3dfb",
"il_offset" : "0x00000"
}
,
{
"is_managed" : "true",
"guid" : "A16933CF-9E48-4904-9C1D-E207A5A16EC2",
"token" : "0x600045a",
"native_offset" : "0x0",
"filename" : "System.Threading.Tasks.Dataflow.dll",
"sizeofimage" : "0x2c000",
"timestamp" : "0x5afb3dfb",
"il_offset" : "0x00000"
}
,
{
"is_managed" : "true",
"guid" : "A16933CF-9E48-4904-9C1D-E207A5A16EC2",
"token" : "0x6000476",
"native_offset" : "0x0",
"filename" : "System.Threading.Tasks.Dataflow.dll",
"sizeofimage" : "0x2c000",
"timestamp" : "0x5afb3dfb",
"il_offset" : "0x00000"
}
,
{
"is_managed" : "true",
"guid" : "(null)",
"token" : "0x00000",
"native_offset" : "0x0",
"filename" : "(null)",
"sizeofimage" : "0x0",
"timestamp" : "0x0",
"il_offset" : "0x00000"
}
,
{
"is_managed" : "true",
"guid" : "(null)",
"token" : "0x00000",
"native_offset" : "0x0",
"filename" : "(null)",
"sizeofimage" : "0x0",
"timestamp" : "0x0",
"il_offset" : "0x00000"
}
,
{
"is_managed" : "true",
"guid" : "(null)",
"token" : "0x00000",
"native_offset" : "0x0",
"filename" : "(null)",
"sizeofimage" : "0x0",
"timestamp" : "0x0",
"il_offset" : "0x00000"
}
,
{
"is_managed" : "true",
"guid" : "(null)",
"token" : "0x00000",
"native_offset" : "0x0",
"filename" : "(null)",
"sizeofimage" : "0x0",
"timestamp" : "0x0",
"il_offset" : "0x00000"
}
,
{
"is_managed" : "true",
"guid" : "(null)",
"token" : "0x00000",
"native_offset" : "0x0",
"filename" : "(null)",
"sizeofimage" : "0x0",
"timestamp" : "0x0",
"il_offset" : "0x00000"
}
,
{
"is_managed" : "false",
"native_address" : "0x104f0b332",
"native_offset" : "0x00000"
}
,
{
"is_managed" : "false",
"native_address" : "0x10511c7b2",
"native_offset" : "0x00000"
}
,
{
"is_managed" : "false",
"native_address" : "0x1051486e8",
"native_offset" : "0x00000"
}
,
{
"is_managed" : "false",
"native_address" : "0x10507d368",
"native_offset" : "0x00000"
}
,
{
"is_managed" : "false",
"native_address" : "0x105145c1d",
"native_offset" : "0x00000"
}
,
{
"is_managed" : "false",
"native_address" : "0x7ff8127df259",
"native_offset" : "0x00000"
}
,
{
"is_managed" : "false",
"native_address" : "0x7ff8127dac7b",
"native_offset" : "0x00000"
}

]
},
{
"is_managed" : false,
"offset_free_hash" : "0x0",
"offset_rich_hash" : "0x0",
"crashed" : false,
"native_thread_id" : "0x30f2ec000",
"thread_info_addr" : "0x7fb3a504d400",
"thread_name" : "Thread Pool Worker",
"ctx" : {
"IP" : "0x7ff8127a0636",
"SP" : "0x30f2ebe98",
"BP" : "0x30f2ebf00"
},
"unmanaged_frames" : [
{
"is_managed" : "false",
"native_address" : "0x104fa9756",
"native_offset" : "0x00000"
}
,
{
"is_managed" : "false",
"native_address" : "0x105144fd5",
"native_offset" : "0x00000"
}
,
{
"is_managed" : "false",
"native_address" : "0x105144d07",
"native_offset" : "0x00000"
}
,
{
"is_managed" : "false",
"native_address" : "0x105015840",
"native_offset" : "0x00000"
}
,
{
"is_managed" : "false",
"native_address" : "0x7ff812809c1d",
"native_offset" : "0x00000"
}
,
{
"is_managed" : "false",
"native_address" : "0x1119a8a9e",
"native_offset" : "0x00000"
}
,
{
"is_managed" : "false",
"native_address" : "0x105145c1d",
"native_offset" : "0x00000"
}
,
{
"is_managed" : "false",
"native_address" : "0x7ff8127df259",
"native_offset" : "0x00000"
}
,
{
"is_managed" : "false",
"native_address" : "0x7ff8127dac7b",
"native_offset" : "0x00000"
}

]
},
{
"is_managed" : false,
"offset_free_hash" : "0x0",
"offset_rich_hash" : "0x0",
"crashed" : false,
"native_thread_id" : "0x30e947000",
"thread_info_addr" : "0x7fb3a602fc00",
"thread_name" : "Finalizer",
"ctx" : {
"IP" : "0x7ff8127a061e",
"SP" : "0x30e946eb8",
"BP" : "0x30e946f00"
},
"unmanaged_frames" : [
{
"is_managed" : "false",
"native_address" : "0x104fa9756",
"native_offset" : "0x00000"
}
,
{
"is_managed" : "false",
"native_address" : "0x105144fd5",
"native_offset" : "0x00000"
}
,
{
"is_managed" : "false",
"native_address" : "0x105144d07",
"native_offset" : "0x00000"
}
,
{
"is_managed" : "false",
"native_address" : "0x105015840",
"native_offset" : "0x00000"
}
,
{
"is_managed" : "false",
"native_address" : "0x7ff812809c1d",
"native_offset" : "0x00000"
}
,
{
"is_managed" : "false",
"native_address" : "unregistered"
}
,
{
"is_managed" : "false",
"native_address" : "0x105145c1d",
"native_offset" : "0x00000"
}
,
{
"is_managed" : "false",
"native_address" : "0x7ff8127df259",
"native_offset" : "0x00000"
}
,
{
"is_managed" : "false",
"native_address" : "0x7ff8127dac7b",
"native_offset" : "0x00000"
}

]
},
{
"is_managed" : false,
"offset_free_hash" : "0x0",
"offset_rich_hash" : "0x0",
"crashed" : false,
"native_thread_id" : "0x310507000",
"thread_info_addr" : "0x7fb37480a200",
"thread_name" : "Thread Pool Worker",
"ctx" : {
"IP" : "0x7ff8127a0636",
"SP" : "0x310506e98",
"BP" : "0x310506f00"
},
"unmanaged_frames" : [
{
"is_managed" : "false",
"native_address" : "0x104fa9756",
"native_offset" : "0x00000"
}
,
{
"is_managed" : "false",
"native_address" : "0x105144fd5",
"native_offset" : "0x00000"
}
,
{
"is_managed" : "false",
"native_address" : "0x105144d07",
"native_offset" : "0x00000"
}
,
{
"is_managed" : "false",
"native_address" : "0x105015840",
"native_offset" : "0x00000"
}
,
{
"is_managed" : "false",
"native_address" : "0x7ff812809c1d",
"native_offset" : "0x00000"
}
,
{
"is_managed" : "false",
"native_address" : "0x80",
"native_offset" : "0x00000"
}
,
{
"is_managed" : "false",
"native_address" : "0x105145c1d",
"native_offset" : "0x00000"
}
,
{
"is_managed" : "false",
"native_address" : "0x7ff8127df259",
"native_offset" : "0x00000"
}
,
{
"is_managed" : "false",
"native_address" : "0x7ff8127dac7b",
"native_offset" : "0x00000"
}

]
},
{
"is_managed" : false,
"offset_free_hash" : "0x0",
"offset_rich_hash" : "0x0",
"crashed" : false,
"native_thread_id" : "0x30f0e9000",
"thread_info_addr" : "0x7fb3a4870c00",
"thread_name" : "Thread Pool Worker",
"ctx" : {
"IP" : "0x7ff8127a0636",
"SP" : "0x30f0e8e98",
"BP" : "0x30f0e8f00"
},
"unmanaged_frames" : [
{
"is_managed" : "false",
"native_address" : "0x104fa9756",
"native_offset" : "0x00000"
}
,
{
"is_managed" : "false",
"native_address" : "0x105144fd5",
"native_offset" : "0x00000"
}
,
{
"is_managed" : "false",
"native_address" : "0x105144d07",
"native_offset" : "0x00000"
}
,
{
"is_managed" : "false",
"native_address" : "0x105015840",
"native_offset" : "0x00000"
}
,
{
"is_managed" : "false",
"native_address" : "0x7ff812809c1d",
"native_offset" : "0x00000"
}
,
{
"is_managed" : "false",
"native_address" : "0x1119d8428",
"native_offset" : "0x00000"
}
,
{
"is_managed" : "false",
"native_address" : "0x105145c1d",
"native_offset" : "0x00000"
}
,
{
"is_managed" : "false",
"native_address" : "0x7ff8127df259",
"native_offset" : "0x00000"
}
,
{
"is_managed" : "false",
"native_address" : "0x7ff8127dac7b",
"native_offset" : "0x00000"
}

]
},
{
"is_managed" : true,
"offset_free_hash" : "0xde3a6456f",
"offset_rich_hash" : "0xde3a647a4",
"crashed" : false,
"native_thread_id" : "0x310304000",
"thread_info_addr" : "0x7fb3a51b8a00",
"thread_name" : "Thread Pool Worker",
"ctx" : {
"IP" : "0x7ff8127a31fe",
"SP" : "0x310302708",
"BP" : "0x3103027b0"
},
"managed_frames" : [
{
"is_managed" : "false",
"native_address" : "unregistered"
}
,
{
"is_managed" : "true",
"guid" : "B27839CC-2DBA-4804-BAAC-F2F5CCE6DE32",
"token" : "0x00000",
"native_offset" : "0x0",
"filename" : "mscorlib.dll",
"sizeofimage" : "0x472000",
"timestamp" : "0xe057582a",
"il_offset" : "0x00000"
}
,
{
"is_managed" : "true",
"guid" : "AB36E2E4-2911-4BA7-BB91-A983AA89906A",
"token" : "0x60000c2",
"native_offset" : "0x0",
"filename" : "MonoDevelop.MSBuildBuilder.exe",
"sizeofimage" : "0x1c000",
"timestamp" : "0xce37ae1a",
"il_offset" : "0x000c8"
}
,
{
"is_managed" : "true",
"guid" : "AB36E2E4-2911-4BA7-BB91-A983AA89906A",
"token" : "0x6000135",
"native_offset" : "0x0",
"filename" : "MonoDevelop.MSBuildBuilder.exe",
"sizeofimage" : "0x1c000",
"timestamp" : "0xce37ae1a",
"il_offset" : "0x0006d"
}
,
{
"is_managed" : "true",
"guid" : "AB36E2E4-2911-4BA7-BB91-A983AA89906A",
"token" : "0x60000b9",
"native_offset" : "0x0",
"filename" : "MonoDevelop.MSBuildBuilder.exe",
"sizeofimage" : "0x1c000",
"timestamp" : "0xce37ae1a",
"il_offset" : "0x00068"
}
,
{
"is_managed" : "true",
"guid" : "AB36E2E4-2911-4BA7-BB91-A983AA89906A",
"token" : "0x00000",
"native_offset" : "0x0",
"filename" : "MonoDevelop.MSBuildBuilder.exe",
"sizeofimage" : "0x1c000",
"timestamp" : "0xce37ae1a",
"il_offset" : "0x0002a"
}
,
{
"is_managed" : "false",
"native_address" : "unregistered"
}
,
{
"is_managed" : "true",
"guid" : "B27839CC-2DBA-4804-BAAC-F2F5CCE6DE32",
"token" : "0x00000",
"native_offset" : "0x0",
"filename" : "mscorlib.dll",
"sizeofimage" : "0x472000",
"timestamp" : "0xe057582a",
"il_offset" : "0x0000c"
}
,
{
"is_managed" : "true",
"guid" : "B27839CC-2DBA-4804-BAAC-F2F5CCE6DE32",
"token" : "0x60048d7",
"native_offset" : "0x0",
"filename" : "mscorlib.dll",
"sizeofimage" : "0x472000",
"timestamp" : "0xe057582a",
"il_offset" : "0x00000"
}
,
{
"is_managed" : "true",
"guid" : "AB36E2E4-2911-4BA7-BB91-A983AA89906A",
"token" : "0x6000060",
"native_offset" : "0x0",
"filename" : "MonoDevelop.MSBuildBuilder.exe",
"sizeofimage" : "0x1c000",
"timestamp" : "0xce37ae1a",
"il_offset" : "0x00015"
}
,
{
"is_managed" : "true",
"guid" : "AB36E2E4-2911-4BA7-BB91-A983AA89906A",
"token" : "0x60001f6",
"native_offset" : "0x0",
"filename" : "MonoDevelop.MSBuildBuilder.exe",
"sizeofimage" : "0x1c000",
"timestamp" : "0xce37ae1a",
"il_offset" : "0x00023"
}
,
{
"is_managed" : "true",
"guid" : "AB36E2E4-2911-4BA7-BB91-A983AA89906A",
"token" : "0x6000220",
"native_offset" : "0x0",
"filename" : "MonoDevelop.MSBuildBuilder.exe",
"sizeofimage" : "0x1c000",
"timestamp" : "0xce37ae1a",
"il_offset" : "0x00000"
}
,
{
"is_managed" : "true",
"guid" : "B27839CC-2DBA-4804-BAAC-F2F5CCE6DE32",
"token" : "0x00000",
"native_offset" : "0x0",
"filename" : "mscorlib.dll",
"sizeofimage" : "0x472000",
"timestamp" : "0xe057582a",
"il_offset" : "0x0002a"
}

],
"unmanaged_frames" : [
{
"is_managed" : "false",
"native_address" : "0x104fa9756",
"native_offset" : "0x00000"
}
,
{
"is_managed" : "false",
"native_address" : "0x105144fd5",
"native_offset" : "0x00000"
}
,
{
"is_managed" : "false",
"native_address" : "0x105144d07",
"native_offset" : "0x00000"
}
,
{
"is_managed" : "false",
"native_address" : "0x105015840",
"native_offset" : "0x00000"
}
,
{
"is_managed" : "false",
"native_address" : "0x7ff812809c1d",
"native_offset" : "0x00000"
}
,
{
"is_managed" : "false",
"native_address" : "unregistered"
}
,
{
"is_managed" : "false",
"native_address" : "0x1051ebe20",
"native_offset" : "0x00000"
}
,
{
"is_managed" : "false",
"native_address" : "0x1051524d9",
"native_offset" : "0x00000"
}
,
{
"is_managed" : "false",
"native_address" : "0x1051523a1",
"native_offset" : "0x00000"
}
,
{
"is_managed" : "false",
"native_address" : "0x105152619",
"native_offset" : "0x00000"
}
,
{
"is_managed" : "false",
"native_address" : "0x10513f20d",
"native_offset" : "0x00000"
}
,
{
"is_managed" : "false",
"native_address" : "0x1050d82d8",
"native_offset" : "0x00000"
}
,
{
"is_managed" : "true",
"guid" : "B27839CC-2DBA-4804-BAAC-F2F5CCE6DE32",
"token" : "0x00000",
"native_offset" : "0x0",
"filename" : "mscorlib.dll",
"sizeofimage" : "0x472000",
"timestamp" : "0xe057582a",
"il_offset" : "0x00000"
}
,
{
"is_managed" : "true",
"guid" : "(null)",
"token" : "0x00000",
"native_offset" : "0x0",
"filename" : "(null)",
"sizeofimage" : "0x0",
"timestamp" : "0x0",
"il_offset" : "0x00000"
}
,
{
"is_managed" : "true",
"guid" : "(null)",
"token" : "0x00000",
"native_offset" : "0x0",
"filename" : "(null)",
"sizeofimage" : "0x0",
"timestamp" : "0x0",
"il_offset" : "0x00000"
}
,
{
"is_managed" : "true",
"guid" : "AB36E2E4-2911-4BA7-BB91-A983AA89906A",
"token" : "0x6000135",
"native_offset" : "0x0",
"filename" : "MonoDevelop.MSBuildBuilder.exe",
"sizeofimage" : "0x1c000",
"timestamp" : "0xce37ae1a",
"il_offset" : "0x00000"
}
,
{
"is_managed" : "true",
"guid" : "AB36E2E4-2911-4BA7-BB91-A983AA89906A",
"token" : "0x60000b9",
"native_offset" : "0x0",
"filename" : "MonoDevelop.MSBuildBuilder.exe",
"sizeofimage" : "0x1c000",
"timestamp" : "0xce37ae1a",
"il_offset" : "0x00000"
}
,
{
"is_managed" : "true",
"guid" : "AB36E2E4-2911-4BA7-BB91-A983AA89906A",
"token" : "0x00000",
"native_offset" : "0x0",
"filename" : "MonoDevelop.MSBuildBuilder.exe",
"sizeofimage" : "0x1c000",
"timestamp" : "0xce37ae1a",
"il_offset" : "0x00000"
}
,
{
"is_managed" : "false",
"native_address" : "0x104f0b332",
"native_offset" : "0x00000"
}
,
{
"is_managed" : "false",
"native_address" : "0x10511add7",
"native_offset" : "0x00000"
}
,
{
"is_managed" : "false",
"native_address" : "0x1051238c9",
"native_offset" : "0x00000"
}
,
{
"is_managed" : "false",
"native_address" : "0x1050bc9ed",
"native_offset" : "0x00000"
}
,
{
"is_managed" : "false",
"native_address" : "0x1050cf7b7",
"native_offset" : "0x00000"
}
,
{
"is_managed" : "true",
"guid" : "B27839CC-2DBA-4804-BAAC-F2F5CCE6DE32",
"token" : "0x00000",
"native_offset" : "0x0",
"filename" : "mscorlib.dll",
"sizeofimage" : "0x472000",
"timestamp" : "0xe057582a",
"il_offset" : "0x00000"
}
,
{
"is_managed" : "true",
"guid" : "(null)",
"token" : "0x00000",
"native_offset" : "0x0",
"filename" : "(null)",
"sizeofimage" : "0x0",
"timestamp" : "0x0",
"il_offset" : "0x00000"
}
,
{
"is_managed" : "true",
"guid" : "B27839CC-2DBA-4804-BAAC-F2F5CCE6DE32",
"token" : "0x60048d7",
"native_offset" : "0x0",
"filename" : "mscorlib.dll",
"sizeofimage" : "0x472000",
"timestamp" : "0xe057582a",
"il_offset" : "0x00000"
}
,
{
"is_managed" : "true",
"guid" : "AB36E2E4-2911-4BA7-BB91-A983AA89906A",
"token" : "0x60001f6",
"native_offset" : "0x0",
"filename" : "MonoDevelop.MSBuildBuilder.exe",
"sizeofimage" : "0x1c000",
"timestamp" : "0xce37ae1a",
"il_offset" : "0x00000"
}
,
{
"is_managed" : "true",
"guid" : "AB36E2E4-2911-4BA7-BB91-A983AA89906A",
"token" : "0x6000220",
"native_offset" : "0x0",
"filename" : "MonoDevelop.MSBuildBuilder.exe",
"sizeofimage" : "0x1c000",
"timestamp" : "0xce37ae1a",
"il_offset" : "0x00000"
}
,
{
"is_managed" : "true",
"guid" : "(null)",
"token" : "0x00000",
"native_offset" : "0x0",
"filename" : "(null)",
"sizeofimage" : "0x0",
"timestamp" : "0x0",
"il_offset" : "0x00000"
}
,
{
"is_managed" : "true",
"guid" : "(null)",
"token" : "0x00000",
"native_offset" : "0x0",
"filename" : "(null)",
"sizeofimage" : "0x0",
"timestamp" : "0x0",
"il_offset" : "0x00000"
}
,
{
"is_managed" : "true",
"guid" : "(null)",
"token" : "0x00000",
"native_offset" : "0x0",
"filename" : "(null)",
"sizeofimage" : "0x0",
"timestamp" : "0x0",
"il_offset" : "0x00000"
}
,
{
"is_managed" : "false",
"native_address" : "0x104f0b332",
"native_offset" : "0x00000"
}
,
{
"is_managed" : "false",
"native_address" : "0x10511c7b2",
"native_offset" : "0x00000"
}
,
{
"is_managed" : "false",
"native_address" : "0x1051486e8",
"native_offset" : "0x00000"
}
,
{
"is_managed" : "false",
"native_address" : "0x10507d368",
"native_offset" : "0x00000"
}
,
{
"is_managed" : "false",
"native_address" : "0x105145c1d",
"native_offset" : "0x00000"
}
,
{
"is_managed" : "false",
"native_address" : "0x7ff8127df259",
"native_offset" : "0x00000"
}
,
{
"is_managed" : "false",
"native_address" : "0x7ff8127dac7b",
"native_offset" : "0x00000"
}

]
},
{
"is_managed" : true,
"offset_free_hash" : "0x38951560d",
"offset_rich_hash" : "0x389515686",
"crashed" : false,
"native_thread_id" : "0x311765000",
"thread_info_addr" : "0x7fb3a6210e00",
"thread_name" : "tid_fb03",
"ctx" : {
"IP" : "0x7ff8127a31fe",
"SP" : "0x311763f48",
"BP" : "0x311763ff0"
},
"managed_frames" : [
{
"is_managed" : "false",
"native_address" : "unregistered"
}
,
{
"is_managed" : "true",
"guid" : "B27839CC-2DBA-4804-BAAC-F2F5CCE6DE32",
"token" : "0x00000",
"native_offset" : "0x0",
"filename" : "mscorlib.dll",
"sizeofimage" : "0x472000",
"timestamp" : "0xe057582a",
"il_offset" : "0x00000"
}
,
{
"is_managed" : "true",
"guid" : "FE07070D-575E-40FD-9EF6-807FA5848A8E",
"token" : "0x6000f88",
"native_offset" : "0x0",
"filename" : "Microsoft.VisualStudio.Telemetry.dll",
"sizeofimage" : "0xde000",
"timestamp" : "0xfe3b09c5",
"il_offset" : "0x00024"
}
,
{
"is_managed" : "true",
"guid" : "B27839CC-2DBA-4804-BAAC-F2F5CCE6DE32",
"token" : "0x6001ed0",
"native_offset" : "0x0",
"filename" : "mscorlib.dll",
"sizeofimage" : "0x472000",
"timestamp" : "0xe057582a",
"il_offset" : "0x0002b"
}
,
{
"is_managed" : "true",
"guid" : "B27839CC-2DBA-4804-BAAC-F2F5CCE6DE32",
"token" : "0x00000",
"native_offset" : "0x0",
"filename" : "mscorlib.dll",
"sizeofimage" : "0x472000",
"timestamp" : "0xe057582a",
"il_offset" : "0x0002a"
}

],
"unmanaged_frames" : [
{
"is_managed" : "false",
"native_address" : "0x104fa9756",
"native_offset" : "0x00000"
}
,
{
"is_managed" : "false",
"native_address" : "0x105144fd5",
"native_offset" : "0x00000"
}
,
{
"is_managed" : "false",
"native_address" : "0x105144d07",
"native_offset" : "0x00000"
}
,
{
"is_managed" : "false",
"native_address" : "0x105015840",
"native_offset" : "0x00000"
}
,
{
"is_managed" : "false",
"native_address" : "0x7ff812809c1d",
"native_offset" : "0x00000"
}
,
{
"is_managed" : "false",
"native_address" : "unregistered"
}
,
{
"is_managed" : "false",
"native_address" : "0x1051ebe04",
"native_offset" : "0x00000"
}
,
{
"is_managed" : "false",
"native_address" : "0x1051524d9",
"native_offset" : "0x00000"
}
,
{
"is_managed" : "false",
"native_address" : "0x1051523a1",
"native_offset" : "0x00000"
}
,
{
"is_managed" : "false",
"native_address" : "0x105152619",
"native_offset" : "0x00000"
}
,
{
"is_managed" : "false",
"native_address" : "0x10513f20d",
"native_offset" : "0x00000"
}
,
{
"is_managed" : "false",
"native_address" : "0x1050d82d8",
"native_offset" : "0x00000"
}
,
{
"is_managed" : "true",
"guid" : "B27839CC-2DBA-4804-BAAC-F2F5CCE6DE32",
"token" : "0x00000",
"native_offset" : "0x0",
"filename" : "mscorlib.dll",
"sizeofimage" : "0x472000",
"timestamp" : "0xe057582a",
"il_offset" : "0x00000"
}
,
{
"is_managed" : "true",
"guid" : "(null)",
"token" : "0x00000",
"native_offset" : "0x0",
"filename" : "(null)",
"sizeofimage" : "0x0",
"timestamp" : "0x0",
"il_offset" : "0x00000"
}
,
{
"is_managed" : "true",
"guid" : "(null)",
"token" : "0x00000",
"native_offset" : "0x0",
"filename" : "(null)",
"sizeofimage" : "0x0",
"timestamp" : "0x0",
"il_offset" : "0x00000"
}
,
{
"is_managed" : "true",
"guid" : "(null)",
"token" : "0x00000",
"native_offset" : "0x0",
"filename" : "(null)",
"sizeofimage" : "0x0",
"timestamp" : "0x0",
"il_offset" : "0x00000"
}
,
{
"is_managed" : "true",
"guid" : "(null)",
"token" : "0x00000",
"native_offset" : "0x0",
"filename" : "(null)",
"sizeofimage" : "0x0",
"timestamp" : "0x0",
"il_offset" : "0x00000"
}
,
{
"is_managed" : "true",
"guid" : "(null)",
"token" : "0x00000",
"native_offset" : "0x0",
"filename" : "(null)",
"sizeofimage" : "0x0",
"timestamp" : "0x0",
"il_offset" : "0x00000"
}
,
{
"is_managed" : "true",
"guid" : "(null)",
"token" : "0x00000",
"native_offset" : "0x0",
"filename" : "(null)",
"sizeofimage" : "0x0",
"timestamp" : "0x0",
"il_offset" : "0x00000"
}
,
{
"is_managed" : "true",
"guid" : "(null)",
"token" : "0x00000",
"native_offset" : "0x0",
"filename" : "(null)",
"sizeofimage" : "0x0",
"timestamp" : "0x0",
"il_offset" : "0x00000"
}
,
{
"is_managed" : "false",
"native_address" : "0x104f0b332",
"native_offset" : "0x00000"
}
,
{
"is_managed" : "false",
"native_address" : "0x10511add7",
"native_offset" : "0x00000"
}
,
{
"is_managed" : "false",
"native_address" : "0x1051216d0",
"native_offset" : "0x00000"
}
,
{
"is_managed" : "false",
"native_address" : "0x105145c5d",
"native_offset" : "0x00000"
}
,
{
"is_managed" : "false",
"native_address" : "0x7ff8127df259",
"native_offset" : "0x00000"
}
,
{
"is_managed" : "false",
"native_address" : "0x7ff8127dac7b",
"native_offset" : "0x00000"
}

]
},
{
"is_managed" : false,
"offset_free_hash" : "0x0",
"offset_rich_hash" : "0x0",
"crashed" : false,
"native_thread_id" : "0x30eee6000",
"thread_info_addr" : "0x7fb3a5101000",
"thread_name" : "tid_2e03",
"ctx" : {
"IP" : "0x7ff8127a31fe",
"SP" : "0x30eee5d58",
"BP" : "0x30eee5e00"
},
"unmanaged_frames" : [
{
"is_managed" : "false",
"native_address" : "0x104fa9756",
"native_offset" : "0x00000"
}
,
{
"is_managed" : "false",
"native_address" : "0x105144fd5",
"native_offset" : "0x00000"
}
,
{
"is_managed" : "false",
"native_address" : "0x105144d07",
"native_offset" : "0x00000"
}
,
{
"is_managed" : "false",
"native_address" : "0x105015840",
"native_offset" : "0x00000"
}
,
{
"is_managed" : "false",
"native_address" : "0x7ff812809c1d",
"native_offset" : "0x00000"
}
,
{
"is_managed" : "false",
"native_address" : "unregistered"
}
,
{
"is_managed" : "false",
"native_address" : "0x1051ebe04",
"native_offset" : "0x00000"
}
,
{
"is_managed" : "false",
"native_address" : "0x1051f73dd",
"native_offset" : "0x00000"
}
,
{
"is_managed" : "false",
"native_address" : "0x10507d062",
"native_offset" : "0x00000"
}
,
{
"is_managed" : "false",
"native_address" : "0x105145c1d",
"native_offset" : "0x00000"
}
,
{
"is_managed" : "false",
"native_address" : "0x7ff8127df259",
"native_offset" : "0x00000"
}
,
{
"is_managed" : "false",
"native_address" : "0x7ff8127dac7b",
"native_offset" : "0x00000"
}

]
},
{
"is_managed" : false,
"offset_free_hash" : "0x0",
"offset_rich_hash" : "0x0",
"crashed" : false,
"native_thread_id" : "0x310101000",
"thread_info_addr" : "0x7fb38483ea00",
"thread_name" : "Thread Pool I/O Selector",
"ctx" : {
"IP" : "0x7ff8127a93b6",
"SP" : "0x310100c28",
"BP" : "0x310100de0"
},
"unmanaged_frames" : [
{
"is_managed" : "false",
"native_address" : "0x104fa9756",
"native_offset" : "0x00000"
}
,
{
"is_managed" : "false",
"native_address" : "0x105144fd5",
"native_offset" : "0x00000"
}
,
{
"is_managed" : "false",
"native_address" : "0x105144d07",
"native_offset" : "0x00000"
}
,
{
"is_managed" : "false",
"native_address" : "0x105015840",
"native_offset" : "0x00000"
}
,
{
"is_managed" : "false",
"native_address" : "0x7ff812809c1d",
"native_offset" : "0x00000"
}
,
{
"is_managed" : "false",
"native_address" : "unregistered"
}
,
{
"is_managed" : "false",
"native_address" : "0x10514a823",
"native_offset" : "0x00000"
}
,
{
"is_managed" : "false",
"native_address" : "0x10514a185",
"native_offset" : "0x00000"
}
,
{
"is_managed" : "false",
"native_address" : "0x105145c1d",
"native_offset" : "0x00000"
}
,
{
"is_managed" : "false",
"native_address" : "0x7ff8127df259",
"native_offset" : "0x00000"
}
,
{
"is_managed" : "false",
"native_address" : "0x7ff8127dac7b",
"native_offset" : "0x00000"
}

]
},
{
"is_managed" : false,
"offset_free_hash" : "0x0",
"offset_rich_hash" : "0x0",
"crashed" : false,
"native_thread_id" : "0x2057782c0",
"thread_info_addr" : "0x7fb3a5011000",
"thread_name" : "tid_103",
"ctx" : {
"IP" : "0x7ff8127a31fe",
"SP" : "0x30e6c18b8",
"BP" : "0x30e6c1960"
},
"unmanaged_frames" : [
{
"is_managed" : "false",
"native_address" : "0x104fa9756",
"native_offset" : "0x00000"
}
,
{
"is_managed" : "false",
"native_address" : "0x105144fd5",
"native_offset" : "0x00000"
}
,
{
"is_managed" : "false",
"native_address" : "0x105144d07",
"native_offset" : "0x00000"
}
,
{
"is_managed" : "false",
"native_address" : "0x105015840",
"native_offset" : "0x00000"
}
,
{
"is_managed" : "false",
"native_address" : "0x7ff812809c1d",
"native_offset" : "0x00000"
}
,
{
"is_managed" : "false",
"native_address" : "0x30e6c0790",
"native_offset" : "0x00000"
}
,
{
"is_managed" : "false",
"native_address" : "0x1051dfdc0",
"native_offset" : "0x00000"
}
,
{
"is_managed" : "false",
"native_address" : "0x1051f7ef1",
"native_offset" : "0x00000"
}
,
{
"is_managed" : "false",
"native_address" : "0x105141ef4",
"native_offset" : "0x00000"
}
,
{
"is_managed" : "false",
"native_address" : "0x105141c49",
"native_offset" : "0x00000"
}
,
{
"is_managed" : "false",
"native_address" : "0x104f6ed0a",
"native_offset" : "0x00000"
}
,
{
"is_managed" : "false",
"native_address" : "0x104efab58",
"native_offset" : "0x00000"
}
,
{
"is_managed" : "false",
"native_address" : "0x2056da310",
"native_offset" : "0x00000"
}

]
},
{
"is_managed" : true,
"offset_free_hash" : "0xb261e4cea",
"offset_rich_hash" : "0xb261e4e76",
"crashed" : false,
"native_thread_id" : "0x311562000",
"thread_info_addr" : "0x7fb384b35e00",
"thread_name" : "tid_fe03",
"ctx" : {
"IP" : "0x7ff8127a31fe",
"SP" : "0x3115611f8",
"BP" : "0x3115612a0"
},
"managed_frames" : [
{
"is_managed" : "false",
"native_address" : "unregistered"
}
,
{
"is_managed" : "true",
"guid" : "B27839CC-2DBA-4804-BAAC-F2F5CCE6DE32",
"token" : "0x00000",
"native_offset" : "0x0",
"filename" : "mscorlib.dll",
"sizeofimage" : "0x472000",
"timestamp" : "0xe057582a",
"il_offset" : "0x00000"
}
,
{
"is_managed" : "true",
"guid" : "B27839CC-2DBA-4804-BAAC-F2F5CCE6DE32",
"token" : "0x6001f00",
"native_offset" : "0x0",
"filename" : "mscorlib.dll",
"sizeofimage" : "0x472000",
"timestamp" : "0xe057582a",
"il_offset" : "0x00000"
}
,
{
"is_managed" : "true",
"guid" : "B27839CC-2DBA-4804-BAAC-F2F5CCE6DE32",
"token" : "0x6001e4f",
"native_offset" : "0x0",
"filename" : "mscorlib.dll",
"sizeofimage" : "0x472000",
"timestamp" : "0xe057582a",
"il_offset" : "0x000d9"
}
,
{
"is_managed" : "true",
"guid" : "B27839CC-2DBA-4804-BAAC-F2F5CCE6DE32",
"token" : "0x6001e4b",
"native_offset" : "0x0",
"filename" : "mscorlib.dll",
"sizeofimage" : "0x472000",
"timestamp" : "0xe057582a",
"il_offset" : "0x00000"
}
,
{
"is_managed" : "true",
"guid" : "FE07070D-575E-40FD-9EF6-807FA5848A8E",
"token" : "0x6000f7a",
"native_offset" : "0x0",
"filename" : "Microsoft.VisualStudio.Telemetry.dll",
"sizeofimage" : "0xde000",
"timestamp" : "0xfe3b09c5",
"il_offset" : "0x0002a"
}
,
{
"is_managed" : "true",
"guid" : "FE07070D-575E-40FD-9EF6-807FA5848A8E",
"token" : "0x6000f98",
"native_offset" : "0x0",
"filename" : "Microsoft.VisualStudio.Telemetry.dll",
"sizeofimage" : "0xde000",
"timestamp" : "0xfe3b09c5",
"il_offset" : "0x00000"
}
,
{
"is_managed" : "true",
"guid" : "FE07070D-575E-40FD-9EF6-807FA5848A8E",
"token" : "0x6000fc1",
"native_offset" : "0x0",
"filename" : "Microsoft.VisualStudio.Telemetry.dll",
"sizeofimage" : "0xde000",
"timestamp" : "0xfe3b09c5",
"il_offset" : "0x00034"
}
,
{
"is_managed" : "true",
"guid" : "FE07070D-575E-40FD-9EF6-807FA5848A8E",
"token" : "0x60013fd",
"native_offset" : "0x0",
"filename" : "Microsoft.VisualStudio.Telemetry.dll",
"sizeofimage" : "0xde000",
"timestamp" : "0xfe3b09c5",
"il_offset" : "0x00000"
}
,
{
"is_managed" : "true",
"guid" : "B27839CC-2DBA-4804-BAAC-F2F5CCE6DE32",
"token" : "0x6001ed0",
"native_offset" : "0x0",
"filename" : "mscorlib.dll",
"sizeofimage" : "0x472000",
"timestamp" : "0xe057582a",
"il_offset" : "0x0002b"
}
,
{
"is_managed" : "true",
"guid" : "B27839CC-2DBA-4804-BAAC-F2F5CCE6DE32",
"token" : "0x00000",
"native_offset" : "0x0",
"filename" : "mscorlib.dll",
"sizeofimage" : "0x472000",
"timestamp" : "0xe057582a",
"il_offset" : "0x0002a"
}

],
"unmanaged_frames" : [
{
"is_managed" : "false",
"native_address" : "0x104fa9756",
"native_offset" : "0x00000"
}
,
{
"is_managed" : "false",
"native_address" : "0x105144fd5",
"native_offset" : "0x00000"
}
,
{
"is_managed" : "false",
"native_address" : "0x105144d07",
"native_offset" : "0x00000"
}
,
{
"is_managed" : "false",
"native_address" : "0x105015840",
"native_offset" : "0x00000"
}
,
{
"is_managed" : "false",
"native_address" : "0x7ff812809c1d",
"native_offset" : "0x00000"
}
,
{
"is_managed" : "false",
"native_address" : "unregistered"
}
,
{
"is_managed" : "false",
"native_address" : "0x1051ebe20",
"native_offset" : "0x00000"
}
,
{
"is_managed" : "false",
"native_address" : "0x1051524d9",
"native_offset" : "0x00000"
}
,
{
"is_managed" : "false",
"native_address" : "0x1051523a1",
"native_offset" : "0x00000"
}
,
{
"is_managed" : "false",
"native_address" : "0x105188b2c",
"native_offset" : "0x00000"
}
,
{
"is_managed" : "false",
"native_address" : "0x1050d69c1",
"native_offset" : "0x00000"
}
,
{
"is_managed" : "true",
"guid" : "B27839CC-2DBA-4804-BAAC-F2F5CCE6DE32",
"token" : "0x00000",
"native_offset" : "0x0",
"filename" : "mscorlib.dll",
"sizeofimage" : "0x472000",
"timestamp" : "0xe057582a",
"il_offset" : "0x00000"
}
,
{
"is_managed" : "true",
"guid" : "(null)",
"token" : "0x00000",
"native_offset" : "0x0",
"filename" : "(null)",
"sizeofimage" : "0x0",
"timestamp" : "0x0",
"il_offset" : "0x00000"
}
,
{
"is_managed" : "true",
"guid" : "(null)",
"token" : "0x00000",
"native_offset" : "0x0",
"filename" : "(null)",
"sizeofimage" : "0x0",
"timestamp" : "0x0",
"il_offset" : "0x00000"
}
,
{
"is_managed" : "true",
"guid" : "B27839CC-2DBA-4804-BAAC-F2F5CCE6DE32",
"token" : "0x6001e4b",
"native_offset" : "0x0",
"filename" : "mscorlib.dll",
"sizeofimage" : "0x472000",
"timestamp" : "0xe057582a",
"il_offset" : "0x00000"
}
,
{
"is_managed" : "true",
"guid" : "FE07070D-575E-40FD-9EF6-807FA5848A8E",
"token" : "0x6000f98",
"native_offset" : "0x0",
"filename" : "Microsoft.VisualStudio.Telemetry.dll",
"sizeofimage" : "0xde000",
"timestamp" : "0xfe3b09c5",
"il_offset" : "0x00000"
}
,
{
"is_managed" : "true",
"guid" : "FE07070D-575E-40FD-9EF6-807FA5848A8E",
"token" : "0x6000fc1",
"native_offset" : "0x0",
"filename" : "Microsoft.VisualStudio.Telemetry.dll",
"sizeofimage" : "0xde000",
"timestamp" : "0xfe3b09c5",
"il_offset" : "0x00000"
}
,
{
"is_managed" : "true",
"guid" : "FE07070D-575E-40FD-9EF6-807FA5848A8E",
"token" : "0x60013fd",
"native_offset" : "0x0",
"filename" : "Microsoft.VisualStudio.Telemetry.dll",
"sizeofimage" : "0xde000",
"timestamp" : "0xfe3b09c5",
"il_offset" : "0x00000"
}
,
{
"is_managed" : "true",
"guid" : "(null)",
"token" : "0x00000",
"native_offset" : "0x0",
"filename" : "(null)",
"sizeofimage" : "0x0",
"timestamp" : "0x0",
"il_offset" : "0x00000"
}
,
{
"is_managed" : "true",
"guid" : "(null)",
"token" : "0x00000",
"native_offset" : "0x0",
"filename" : "(null)",
"sizeofimage" : "0x0",
"timestamp" : "0x0",
"il_offset" : "0x00000"
}
,
{
"is_managed" : "true",
"guid" : "(null)",
"token" : "0x00000",
"native_offset" : "0x0",
"filename" : "(null)",
"sizeofimage" : "0x0",
"timestamp" : "0x0",
"il_offset" : "0x00000"
}
,
{
"is_managed" : "true",
"guid" : "(null)",
"token" : "0x00000",
"native_offset" : "0x0",
"filename" : "(null)",
"sizeofimage" : "0x0",
"timestamp" : "0x0",
"il_offset" : "0x00000"
}
,
{
"is_managed" : "true",
"guid" : "(null)",
"token" : "0x00000",
"native_offset" : "0x0",
"filename" : "(null)",
"sizeofimage" : "0x0",
"timestamp" : "0x0",
"il_offset" : "0x00000"
}
,
{
"is_managed" : "false",
"native_address" : "0x104f0b332",
"native_offset" : "0x00000"
}
,
{
"is_managed" : "false",
"native_address" : "0x10511add7",
"native_offset" : "0x00000"
}
,
{
"is_managed" : "false",
"native_address" : "0x1051216d0",
"native_offset" : "0x00000"
}
,
{
"is_managed" : "false",
"native_address" : "0x105145c5d",
"native_offset" : "0x00000"
}
,
{
"is_managed" : "false",
"native_address" : "0x7ff8127df259",
"native_offset" : "0x00000"
}
,
{
"is_managed" : "false",
"native_address" : "0x7ff8127dac7b",
"native_offset" : "0x00000"
}

]
}
]
}